pid,nameZh,nameJp,nameEn,type,category,power,accuracy,PP,description
1,拍擊,はたく,Pound,一般,物理,40,100,35,使用長長的尾巴或手等拍打對手進行攻擊。
2,空手劈,からてチョップ,Karate Chop,格鬥,物理,-999,-999,-999,用鋒利的手刀劈向對手進行攻擊。容易擊中要害。
3,連環巴掌,おうふくビンタ,Double Slap,一般,物理,-999,-999,-999,用連環巴掌拍打對手進行攻擊。會連續攻擊２～５次。
4,連續拳,れんぞくパンチ,Comet Punch,一般,物理,-999,-999,-999,用怒濤般的拳頭毆打對手進行攻擊。連續攻擊２～５次。
5,百萬噸重拳,メガトンパンチ,Mega Punch,一般,物理,80,85,20,用帶有強大力量的拳頭攻擊對手。
6,聚寶功,ネコにこばん,Pay Day,一般,物理,40,100,20,往對手身上投擲金幣進行攻擊。戰鬥後可以得到錢。
7,火焰拳,ほのおのパンチ,Fire Punch,火,物理,75,100,15,用帶有火焰的拳頭攻擊對手。有時會讓對手陷入灼傷狀態。
8,冰凍拳,れいとうパンチ,Ice Punch,冰,物理,75,100,15,用帶有寒氣的拳頭攻擊對手。有時會讓對手陷入冰凍狀態。
9,雷電拳,かみなりパンチ,Thunder Punch,電,物理,75,100,15,用帶有電流的拳頭攻擊對手。有時會讓對手陷入麻痺狀態。
10,抓,ひっかく,Scratch,一般,物理,40,100,35,用堅硬且無比鋒利的爪子抓對手進行攻擊。
11,夾住,はさむ,Vise Grip,一般,物理,55,100,30,從兩側夾住對手，給予傷害。
12,斷頭鉗,ハサミギロチン,Guillotine,一般,物理,-1,-1,5,用巨大的鉗子或剪刀等撕裂對手進行攻擊。只要命中就會一擊瀕死。
13,旋風刀,かまいたち,Razor Wind,一般,特殊,-999,-999,-999,製造出風之刃，在下一回合攻擊對手。容易擊中要害。
14,劍舞,つるぎのまい,Swords Dance,一般,變化,0,0,20,激烈地跳起戰舞提升氣勢。大幅提高自己的攻擊。
15,居合斬,いあいぎり,Cut,一般,物理,50,95,30,用鐮刀或爪子等斬切對手進行攻擊。
16,起風,かぜおこし,Gust,飛行,特殊,40,100,35,用翅膀刮起狂風，吹向對手進行攻擊。
17,翅膀攻擊,つばさでうつ,Wing Attack,飛行,物理,60,100,35,用大大伸展開來的美麗翅膀，撞向對手進行攻擊。
18,吹飛,ふきとばし,Whirlwind,一般,變化,0,0,20,吹飛對手，強制讓後備寶可夢上場。對手為野生寶可夢時，戰鬥將直接結束。
19,飛翔,そらをとぶ,Fly,飛行,物理,90,95,15,使用後的第１回合飛上天空，並於第２回合攻擊對手。
20,綁緊,しめつける,Bind,一般,物理,15,85,20,使用長長的身體或藤蔓等，在４～５回合內綁緊對手進行攻擊。
21,摔打,たたきつける,Slam,一般,物理,80,75,20,將長長的尾巴或藤蔓等甩向對手進行攻擊。
22,藤鞭,つるのムチ,Vine Whip,草,物理,45,100,25,將如同鞭子般彎曲而細長的藤蔓甩向對手進行攻擊。
23,踩踏,ふみつけ,Stomp,一般,物理,65,100,20,用大腳踩踏對手進行攻擊。有時會讓對手畏縮。
24,二連踢,にどげり,Double Kick,格鬥,物理,30,100,30,用２隻腳踢飛對手進行攻擊。連續２次給予傷害。
25,百萬噸重踢,メガトンキック,Mega Kick,一般,物理,120,75,5,用灌注了巨大力量的重踢踢飛對手進行攻擊。
26,飛踢,とびげり,Jump Kick,格鬥,物理,-999,-999,-999,高高跳起之後使出飛踢攻擊對手。沒踢中對手時自己會受到傷害。
27,迴旋踢,まわしげり,Rolling Kick,格鬥,物理,-999,-999,-999,一邊使身體快速旋轉，一邊踢飛對手進行攻擊。有時會使對手畏縮。
28,潑沙,すなかけ,Sand Attack,地面,變化,0,100,15,向對手的臉上潑沙，降低對手的命中率。
29,頭錘,ずつき,Headbutt,一般,物理,70,100,15,將頭伸出，直直衝向對手進行攻擊。有時會讓對手畏縮。
30,角撞,つのでつく,Horn Attack,一般,物理,65,100,25,用尖銳的角攻擊對手。
31,亂擊,みだれづき,Fury Attack,一般,物理,15,85,20,用角或喙刺向對手進行攻擊。連續攻擊２～５次。
32,角鑽,つのドリル,Horn Drill,一般,物理,-1,-1,5,用旋轉的角刺進對手進行攻擊。只要命中就會一擊瀕死。
33,撞擊,たいあたり,Tackle,一般,物理,40,100,35,用整個身體撞向對手進行攻擊。
34,泰山壓頂,のしかかり,Body Slam,一般,物理,85,100,15,用整個身體壓住對手進行攻擊。有時會讓對手陷入麻痺狀態。
35,緊束,まきつく,Wrap,一般,物理,15,90,20,使用長長的身體或藤蔓等，在４～５回合內緊束對手進行攻擊。
36,猛撞,とっしん,Take Down,一般,物理,90,85,20,以驚人的氣勢撞向對手進行攻擊。自己也會受到少許傷害。
37,大鬧一番,あばれる,Thrash,一般,物理,120,100,10,在２～３回合內瘋狂亂打對手進行攻擊。大鬧一番後自己會陷入混亂。
38,捨身衝撞,すてみタックル,Double-Edge,一般,物理,120,100,15,捨身衝撞對手進行攻擊。自己也會受到不小的傷害。
39,搖尾巴,しっぽをふる,Tail Whip,一般,變化,0,100,30,可愛地左右搖晃尾巴，誘使對手疏忽大意。可降低對手的防禦。
40,毒針,どくばり,Poison Sting,毒,物理,15,100,35,將有毒的針刺進對手進行攻擊。有時會讓對手陷入中毒狀態。
41,雙針,ダブルニードル,Twineedle,蟲,物理,-999,-999,-999,將２根針刺進對手，連續２次給予傷害。有時會讓對手陷入中毒狀態。
42,飛彈針,ミサイルばり,Pin Missile,蟲,物理,25,95,20,向對手發射銳利的針進行攻擊。可連續攻擊２～５次。
43,瞪眼,にらみつける,Leer,一般,變化,0,100,30,用犀利的眼神使對手害怕，降低對手的防禦。
44,咬住,かみつく,Bite,惡,物理,60,100,25,用尖銳的牙齒咬住對手進行攻擊。有時會使對手畏縮。
45,叫聲,なきごえ,Growl,一般,變化,0,100,40,發出可愛的叫聲，誘使對手疏忽大意，降低對手的攻擊。
46,吼叫,ほえる,Roar,一般,變化,0,0,20,趕走對手，強制讓後備寶可夢上場。對手為野生寶可夢時，戰鬥將直接結束。
47,唱歌,うたう,Sing,一般,變化,0,55,15,唱出舒服美妙的歌聲，讓對手陷入睡眠狀態。
48,超音波,ちょうおんぱ,Supersonic,一般,變化,0,55,20,從身上發出特殊的音波，讓對手陷入混亂狀態。
49,音爆,ソニックブーム,Sonic Boom,一般,特殊,-999,-999,-999,向對手發射衝擊波進行攻擊。固定給予２０的傷害。
50,定身法,かなしばり,Disable,一般,變化,0,100,20,阻止對手出招，最近一次使用的招式在４回合內無法使用。
51,溶解液,ようかいえき,Acid,毒,特殊,40,100,30,將強酸潑向對手進行攻擊。有時會降低對手的特防。
52,火花,ひのこ,Ember,火,特殊,40,100,25,向對手發射小火焰進行攻擊。有時會讓對手陷入灼傷狀態。
53,噴射火焰,かえんほうしゃ,Flamethrower,火,特殊,90,100,15,向對手發射強烈火焰進行攻擊。有時會讓對手陷入灼傷狀態。
54,白霧,しろいきり,Mist,冰,變化,0,0,30,用白霧覆蓋身體。在５回合內不會讓對手降低自己的能力。
55,水槍,みずでっぽう,Water Gun,水,特殊,40,100,25,向對手噴射強烈水流進行攻擊。
56,水炮,ハイドロポンプ,Hydro Pump,水,特殊,110,80,5,向對手猛烈地噴射大量水流進行攻擊。
57,衝浪,なみのり,Surf,水,特殊,90,100,15,使用大浪攻擊自己周圍所有的寶可夢。
58,冰凍光束,れいとうビーム,Ice Beam,冰,特殊,90,100,10,向對手發射冰凍光束進行攻擊。有時會讓對手陷入冰凍狀態。
59,暴風雪,ふぶき,Blizzard,冰,特殊,110,70,5,將猛烈的暴風雪吹向對手進行攻擊。有時會讓對手陷入冰凍狀態。
60,幻象光線,サイケこうせん,Psybeam,超能力,特殊,65,100,20,向對手發射神奇的光線進行攻擊。有時會使對手混亂。
61,泡沫光線,バブルこうせん,Bubble Beam,水,特殊,65,100,20,向對手猛烈地噴射泡沫進行攻擊。有時會降低對手的速度。
62,極光束,オーロラビーム,Aurora Beam,冰,特殊,65,100,20,向對手發射七彩光束進行攻擊。有時會降低對手的攻擊。
63,破壞光線,はかいこうせん,Hyper Beam,一般,特殊,150,90,5,向對手發射強烈的光線進行攻擊。下一回合自己將無法動彈。
64,啄,つつく,Peck,飛行,物理,35,100,35,用尖銳的喙或角刺向對手進行攻擊。
65,啄鑽,ドリルくちばし,Drill Peck,飛行,物理,80,100,20,一邊旋轉，一邊將尖喙刺進對手進行攻擊。
66,地獄翻滾,じごくぐるま,Submission,格鬥,物理,-999,-999,-999,將對手連同自己一起摔向地面進行攻擊。自己也會受到少許傷害。
67,踢倒,けたぐり,Low Kick,格鬥,物理,-1,100,20,用力踢對手的腳，讓對手摔倒進行攻擊。對手越重，威力越大。
68,雙倍奉還,カウンター,Counter,格鬥,物理,-1,100,20,將來自對手的物理攻擊傷害加倍後，返還給該對手。
69,地球上投,ちきゅうなげ,Seismic Toss,格鬥,物理,-1,100,20,利用引力將對手甩飛出去。給予對手和自己等級相同的傷害。
70,怪力,かいりき,Strength,一般,物理,80,100,15,使出渾身力量毆打對手進行攻擊。
71,吸取,すいとる,Absorb,草,特殊,20,100,25,吸取對手的養分進行攻擊。可以回復給予對手傷害的一半ＨＰ。
72,超級吸取,メガドレイン,Mega Drain,草,特殊,40,100,15,吸取對手的養分進行攻擊。可以回復給予對手傷害的一半ＨＰ。
73,寄生種子,やどりぎのタネ,Leech Seed,草,變化,0,90,10,在對手身上植入種子，每回合吸取對手少許的ＨＰ，用來回復自己的ＨＰ。
74,生長,せいちょう,Growth,一般,變化,0,0,20,讓身體瞬間長大，提高自己的攻擊和特攻。
75,飛葉快刀,はっぱカッター,Razor Leaf,草,物理,55,95,25,飛射葉子，切斬對手進行攻擊。容易擊中要害。
76,日光束,ソーラービーム,Solar Beam,草,特殊,120,100,10,使用後的第１回合吸收大量日光，並於第２回合發射光束進行攻擊。
77,毒粉,どくのこな,Poison Powder,毒,變化,0,75,35,撒出大量的有毒粉末讓對手陷入中毒狀態。
78,麻痺粉,しびれごな,Stun Spore,草,變化,0,75,30,撒出大量令人麻痺的粉末，讓對手陷入麻痺狀態。
79,催眠粉,ねむりごな,Sleep Powder,草,變化,0,75,15,撒出大量令人想睡的粉末，讓對手陷入睡眠狀態。
80,花瓣舞,はなびらのまい,Petal Dance,草,特殊,120,100,10,在２～３回合內不斷灑出花瓣攻擊對手。招式結束後自己會陷入混亂狀態。
81,吐絲,いとをはく,String Shot,蟲,變化,0,95,40,用口中吐出的絲纏繞對手，大幅降低對手的速度。
82,龍之怒,りゅうのいかり,Dragon Rage,龍,特殊,-999,-999,-999,向對手發射憤怒的衝擊波進行攻擊。固定給予４０的傷害。
83,火焰旋渦,ほのおのうず,Fire Spin,火,特殊,35,85,15,將對手困在熊熊燃燒的火焰旋渦中，在４～５回合內進行攻擊。
84,電擊,でんきショック,Thunder Shock,電,特殊,40,100,30,發出電流刺激對手進行攻擊。有時會讓對手陷入麻痺狀態。
85,十萬伏特,１０まんボルト,Thunderbolt,電,特殊,90,100,15,向對手放出強力電流進行攻擊。有時會讓對手陷入麻痺狀態。
86,電磁波,でんじは,Thunder Wave,電,變化,0,90,20,放出微弱的電流。讓對手陷入麻痺狀態。
87,打雷,かみなり,Thunder,電,特殊,110,70,10,向對手劈下暴雷進行攻擊。有時會讓對手陷入麻痺狀態。
88,落石,いわおとし,Rock Throw,岩石,物理,50,90,15,舉起小岩石，向對手投擲進行攻擊。
89,地震,じしん,Earthquake,地面,物理,100,100,10,用地震的衝擊，攻擊自己周圍所有的寶可夢。
90,地裂,じわれ,Fissure,地面,物理,-1,-1,5,讓對手掉進地面的裂縫中進行攻擊。只要命中就會一擊瀕死。
91,挖洞,あなをほる,Dig,地面,物理,80,100,10,使用後的第１回合潛入地底，並於第２回合攻擊對手。
92,劇毒,どくどく,Toxic,毒,變化,0,90,10,讓對手陷入劇毒狀態。中毒傷害會隨著回合的進行而增加。
93,念力,ねんりき,Confusion,超能力,特殊,50,100,25,向對手發送微弱的念力進行攻擊。有時會使對手混亂。
94,精神強念,サイコキネシス,Psychic,超能力,特殊,90,100,10,向對手發送強大的念力進行攻擊。有時會降低對手的特防。
95,催眠術,さいみんじゅつ,Hypnosis,超能力,變化,0,60,20,施加引發睡意的暗示，讓對手陷入睡眠狀態。
96,瑜伽姿勢,ヨガのポーズ,Meditate,超能力,變化,-999,-999,-999,喚醒身體深處沉睡的力量，提高自己的攻擊。
97,高速移動,こうそくいどう,Agility,超能力,變化,0,0,30,放鬆身體，讓自己變得輕盈以進行高速移動。可大幅提高自己的速度。
98,電光一閃,でんこうせっか,Quick Attack,一般,物理,40,100,30,以迅雷不及掩耳之勢撲向對手。必定能夠發動先制攻擊。
99,憤怒,いかり,Rage,一般,物理,-999,-999,-999,在使用招式後受到攻擊時，會因憤怒的力量而提高自己的攻擊。
100,瞬間移動,テレポート,Teleport,超能力,變化,0,0,20,停止和野生寶可夢戰鬥並逃走。
101,黑夜魔影,ナイトヘッド,Night Shade,幽靈,特殊,-1,100,15,讓對手看見恐怖幻影，給予對手和自己等級相同的傷害。
102,模仿,ものまね,Mimic,一般,變化,0,0,10,在戰鬥期間，將對手最近一次使用的招式變成自己的招式。
103,刺耳聲,いやなおと,Screech,一般,變化,0,85,40,發出令人不由自主想要摀起耳朵的刺耳聲，大幅降低對手的防禦。
104,影子分身,かげぶんしん,Double Team,一般,變化,0,0,15,利用快速移動製造出分身擾亂對手，提高自己的閃避率。
105,自我再生,じこさいせい,Recover,一般,變化,0,0,5,讓全身的細胞獲得再生，回復一半ＨＰ。
106,變硬,かたくなる,Harden,一般,變化,0,0,30,使用全身的力量讓身體硬化，提高自己的防禦。
107,變小,ちいさくなる,Minimize,一般,變化,0,0,10,蜷縮身體使自己顯得很小，大幅提高自己的閃避率。
108,煙幕,えんまく,Smokescreen,一般,變化,0,100,20,向對手噴出煙霧或墨汁等，降低對手的命中率。
109,奇異之光,あやしいひかり,Confuse Ray,幽靈,變化,0,100,10,讓對手看奇怪的光線擾亂對手。使對手混亂。
110,縮入殼中,からにこもる,Withdraw,水,變化,0,0,40,縮入殼中保護身體，提高自己的防禦。
111,變圓,まるくなる,Defense Curl,一般,變化,0,0,40,將身體蜷縮成圓形，提高自己的防禦。
112,屏障,バリアー,Barrier,超能力,變化,-999,-999,-999,製造堅固的屏障，大幅提高自己的防禦。
113,光牆,ひかりのかべ,Light Screen,超能力,變化,0,0,30,利用神奇的屏障，在５回合內減輕來自對手的特殊攻擊傷害。
114,黑霧,くろいきり,Haze,冰,變化,0,0,30,放出黑霧，讓場上全體寶可夢的能力變化回到初始狀態。
115,反射壁,リフレクター,Reflect,超能力,變化,0,0,20,利用神奇的屏障，在５回合內減輕來自對手的物理攻擊傷害。
116,聚氣,きあいだめ,Focus Energy,一般,變化,0,0,30,深呼吸後集中精神。讓自己的攻擊變得容易擊中要害。
117,忍耐,がまん,Bide,一般,物理,-999,-999,-999,在２回合內忍受攻擊，然後將受到的傷害加倍返還給對手。
118,揮指,ゆびをふる,Metronome,一般,變化,0,0,10,揮動手指刺激自己的大腦，從全部的招式中隨機選出１招使出。
119,鸚鵡學舌,オウムがえし,Mirror Move,飛行,變化,-999,-999,-999,模仿對手使用的招式，自己也使用相同招式。
120,自爆,じばく,Self-Destruct,一般,物理,200,100,5,引起爆炸，攻擊自己周圍所有的寶可夢。使用後自己會陷入瀕死。
121,炸蛋,タマゴばくだん,Egg Bomb,一般,物理,-999,-999,-999,向對手用力投擲大大的蛋進行攻擊。
122,舌舔,したでなめる,Lick,幽靈,物理,30,100,30,用長長的舌頭，舔遍對手進行攻擊。有時會讓對手陷入麻痺狀態。
123,濁霧,スモッグ,Smog,毒,特殊,30,70,20,將骯髒的濃霧吹向對手進行攻擊。有時會讓對手陷入中毒狀態。
124,污泥攻擊,ヘドロこうげき,Sludge,毒,特殊,65,100,20,向對手投擲污泥進行攻擊。有時會讓對手陷入中毒狀態。
125,骨棒,ホネこんぼう,Bone Club,地面,物理,-999,-999,-999,用手中的骨頭毆打對手進行攻擊。有時會使對手畏縮。
126,大字爆炎,だいもんじ,Fire Blast,火,特殊,110,85,5,用大字形狀的火焰燒盡對手。有時會讓對手陷入灼傷狀態。
127,攀瀑,たきのぼり,Waterfall,水,物理,80,100,15,以驚人的氣勢撲向對手。有時會讓對手畏縮。
128,貝殼夾擊,からではさむ,Clamp,水,物理,-999,-999,-999,用非常堅固且厚實的貝殼，在４～５回合內夾住對手進行攻擊。
129,高速星星,スピードスター,Swift,一般,特殊,60,0,20,發射星型光線攻擊對手。攻擊必定會命中。
130,火箭頭錘,ロケットずつき,Skull Bash,一般,物理,-999,-999,-999,使用後的第１回合把頭後縮，提高防禦。並於第２回合攻擊對手。
131,尖刺加農炮,とげキャノン,Spike Cannon,一般,物理,-999,-999,-999,向對手發射銳利的針進行攻擊。可連續攻擊２～５次。
132,纏繞,からみつく,Constrict,一般,物理,-999,-999,-999,用觸手或青藤等纏繞對手進行攻擊。有時會降低對手的速度。
133,瞬間失憶,ドわすれ,Amnesia,超能力,變化,0,0,20,將頭腦清空，藉由在一瞬間遺忘某些事大幅提高自己的特防。
134,折彎湯匙,スプーンまげ,Kinesis,超能力,變化,0,80,15,折彎湯匙引起注意，降低對手的命中率。
135,生蛋,タマゴうみ,Soft-Boiled,一般,變化,0,0,5,回復自己最大ＨＰ的一半。
136,飛膝踢,とびひざげり,High Jump Kick,格鬥,物理,130,90,10,跳起後用膝蓋踢擊對手。沒踢中對手時自己會受到傷害。
137,大蛇瞪眼,へびにらみ,Glare,一般,變化,0,100,30,用腹部的花紋使對手心生恐懼，讓對手陷入麻痺狀態。
138,食夢,ゆめくい,Dream Eater,超能力,特殊,100,100,15,吃掉熟睡中對手的夢進行攻擊。可以回復給予對手傷害的一半ＨＰ。
139,毒瓦斯,どくガス,Poison Gas,毒,變化,0,90,40,將毒瓦斯吹到對手的臉上，讓對手陷入中毒狀態。
140,投球,たまなげ,Barrage,一般,物理,-999,-999,-999,向對手投擲球狀物體進行攻擊。可連續攻擊２～５次。
141,吸血,きゅうけつ,Leech Life,蟲,物理,80,100,10,吸取對手的血液進行攻擊。可以回復給予對手傷害的一半ＨＰ。
142,惡魔之吻,あくまのキッス,Lovely Kiss,一般,變化,0,75,10,用恐怖的臉強吻對手。能讓對手陷入睡眠狀態。
143,神鳥猛擊,ゴッドバード,Sky Attack,飛行,物理,140,90,5,在使用後的下一回合進行攻擊。有時會使對手畏縮。且容易擊中要害。
144,變身,へんしん,Transform,一般,變化,0,0,10,變身成對手寶可夢的樣子，能夠使用和對手完全相同的招式。
145,泡沫,あわ,Bubble,水,特殊,-999,-999,-999,將無數的泡泡吹向對手進行攻擊。有時會降低對手的速度。
146,迷昏拳,ピヨピヨパンチ,Dizzy Punch,一般,物理,-999,-999,-999,有節奏地出拳攻擊對手。有時會使對手混亂。
147,蘑菇孢子,キノコのほうし,Spore,草,變化,0,100,15,大把撒出有催眠效果的孢子，讓對手陷入睡眠狀態。
148,閃光,フラッシュ,Flash,一般,變化,-999,-999,-999,放出耀眼的光芒，降低對手的命中率。
149,精神波,サイコウェーブ,Psywave,超能力,特殊,-999,-999,-999,向對手發射神奇的念力波進行攻擊。每次給予的傷害都不同。
150,躍起,はねる,Splash,一般,變化,0,0,40,不攻擊對手，只是蹦蹦跳跳的，什麼事也不會發生……
151,溶化,とける,Acid Armor,毒,變化,0,0,20,藉由細胞的變化讓身體液化，大幅提高自己的防禦。
152,蟹鉗錘,クラブハンマー,Crabhammer,水,物理,100,90,10,用巨大的鉗子敲打對手進行攻擊。容易擊中要害。
153,大爆炸,だいばくはつ,Explosion,一般,物理,250,100,5,引起大爆炸，攻擊自己周圍所有的寶可夢。使用後自己會陷入瀕死。
154,亂抓,みだれひっかき,Fury Swipes,一般,物理,18,80,15,用爪子或鐮刀等向對手進行攻擊。可連續攻擊２～５次。
155,骨頭回力鏢,ホネブーメラン,Bonemerang,地面,物理,50,90,10,向對手投擲手中的骨頭，來回連續２次給予傷害。
156,睡覺,ねむる,Rest,超能力,變化,0,0,5,連續睡２回合。回復自己的全部ＨＰ以及治癒所有異常狀態。
157,岩崩,いわなだれ,Rock Slide,岩石,物理,75,90,10,將大岩石猛烈地砸向對手進行攻擊。有時會讓對手畏縮。
158,必殺門牙,ひっさつまえば,Hyper Fang,一般,物理,-999,-999,-999,用銳利的門牙牢牢咬住對手進行攻擊。有時會使對手畏縮。
159,稜角化,かくばる,Sharpen,一般,變化,-999,-999,-999,增加身體的稜角，變得方方正正，提高自己的攻擊。
160,紋理,テクスチャー,Conversion,一般,變化,0,0,30,將自己的屬性轉換成與已學會的招式中第１個招式相同的屬性。
161,三重攻擊,トライアタック,Tri Attack,一般,特殊,80,100,10,用３種光線進行攻擊。有時會讓對手陷入麻痺、灼傷或冰凍的狀態。
162,憤怒門牙,いかりのまえば,Super Fang,一般,物理,-1,90,10,用銳利的門牙猛烈地咬住對手進行攻擊。對手的ＨＰ將會減半。
163,劈開,きりさく,Slash,一般,物理,70,100,20,用爪子或鐮刀等劈開對手進行攻擊。容易擊中要害。
164,替身,みがわり,Substitute,一般,變化,0,0,10,消耗一些自己的ＨＰ，製造分身。分身將成為自己的替身。
165,掙扎,わるあがき,Struggle,一般,物理,50,0,-1,在自己的ＰＰ耗盡時，努力掙扎攻擊對手。自己也會受到少許傷害。
166,寫生,スケッチ,Sketch,一般,變化,0,0,1,將對手使用的招式變成自己的。寫生在使用１次之後就會消失。
167,三連踢,トリプルキック,Triple Kick,格鬥,物理,10,90,10,連續踢對手３次進行攻擊。每踢中一次，威力就會提高。
168,小偷,どろぼう,Thief,惡,物理,60,100,25,在攻擊的同時偷取道具。當寶可夢自己有攜帶道具時，則無法偷取。
169,蛛網,クモのす,Spider Web,蟲,變化,-999,-999,-999,用黏糊糊的細絲一層一層纏住對手，讓對手不能從戰鬥中逃走。
170,心之眼,こころのめ,Mind Reader,一般,變化,-999,-999,-999,用心感受對手的行動模式，下次攻擊時必定會命中對手。
171,惡夢,あくむ,Nightmare,幽靈,變化,-999,-999,-999,讓處於睡眠狀態的對手作惡夢，每回合減少一部分ＨＰ。
172,火焰輪,かえんぐるま,Flame Wheel,火,物理,60,100,25,用火焰圍繞身體，猛撞對手進行攻擊。有時會讓對手陷入灼傷狀態。
173,打鼾,いびき,Snore,一般,特殊,50,100,15,在自己睡著時，發出噪音進行攻擊。有時會讓對手畏縮。
174,詛咒,のろい,Curse,幽靈,變化,0,0,10,使用詛咒時，幽靈屬性的寶可夢和其他屬性的寶可夢，會獲得不同的招式效果。
175,抓狂,じたばた,Flail,一般,物理,-1,100,15,抓狂般亂打進行攻擊。自己的ＨＰ越少，招式的威力越大。
176,紋理２,テクスチャー２,Conversion 2,一般,變化,0,0,30,改變屬性，讓自己能夠抵抗對手最近一次使出的招式。
177,氣旋攻擊,エアロブラスト,Aeroblast,飛行,特殊,100,95,5,向對手發射空氣漩渦進行攻擊。容易擊中要害。
178,棉孢子,わたほうし,Cotton Spore,草,變化,0,100,40,將棉花般柔軟的孢子纏繞對手，大幅降低對手的速度。
179,起死回生,きしかいせい,Reversal,格鬥,物理,-1,100,15,竭盡全力進行攻擊。自己的ＨＰ越少，招式的威力越大。
180,怨恨,うらみ,Spite,幽靈,變化,0,100,10,向對手最近一次使用的招式發出怨念，讓該招式減少４ＰＰ。
181,細雪,こなゆき,Powder Snow,冰,特殊,40,100,25,將冰冷的細雪吹向對手進行攻擊。有時會讓對手陷入冰凍狀態。
182,守住,まもる,Protect,一般,變化,0,0,10,完全防住對手的所有攻擊。連續使用時容易失敗。
183,音速拳,マッハパンチ,Mach Punch,格鬥,物理,40,100,30,以迅雷不及掩耳之勢出拳。必定能夠發動先制攻擊。
184,鬼面,こわいかお,Scary Face,一般,變化,0,100,10,用恐怖的表情瞪著對手，讓對手害怕，大幅降低對手的速度。
185,出奇一擊,だましうち,Feint Attack,惡,物理,-999,-999,-999,若無其事地靠近對手，出其不意地進行攻擊。攻擊必定會命中。
186,天使之吻,てんしのキッス,Sweet Kiss,妖精,變化,0,75,10,像天使般可愛地親吻對手，進而使對手混亂。
187,腹鼓,はらだいこ,Belly Drum,一般,變化,0,0,10,將現有的ＨＰ減去最大ＨＰ的一半，讓自己的攻擊提高至最大值。
188,污泥炸彈,ヘドロばくだん,Sludge Bomb,毒,特殊,90,100,10,向對手投擲污泥進行攻擊。有時會讓對手陷入中毒狀態。
189,擲泥,どろかけ,Mud-Slap,地面,特殊,20,100,10,向對手的臉等處投擲泥巴進行攻擊。可降低對手的命中率。
190,章魚桶炮,オクタンほう,Octazooka,水,特殊,65,85,10,向對手的臉等噴出墨汁進行攻擊。有時會降低對手的命中率。
191,撒菱,まきびし,Spikes,地面,變化,0,0,20,將撒菱散布在對手的腳下。讓對手替換出場的寶可夢受到傷害。
192,電磁炮,でんじほう,Zap Cannon,電,特殊,120,50,5,發射如大炮般的電流進行攻擊。能讓對手陷入麻痺狀態。
193,識破,みやぶる,Foresight,一般,變化,-999,-999,-999,讓對幽靈屬性寶可夢無效的招式能夠發揮效果，也可不顧對手提高後的閃避率進行攻擊。
194,同命,みちづれ,Destiny Bond,幽靈,變化,0,0,5,使出招式後，當受到對手攻擊陷入瀕死時，對手也會一同陷入瀕死。連續使用時會失敗。
195,滅亡之歌,ほろびのうた,Perish Song,一般,變化,0,0,5,聽了歌聲的寶可夢３回合後將陷入瀕死。替換寶可夢後效果就會消失。
196,冰凍之風,こごえるかぜ,Icy Wind,冰,特殊,55,95,15,將冰冷的寒氣吹向對手進行攻擊。可降低對手的速度。
197,看穿,みきり,Detect,格鬥,變化,0,0,5,完全防住對手的所有攻擊。連續使用時容易失敗。
198,骨棒亂打,ボーンラッシュ,Bone Rush,地面,物理,25,90,10,用堅硬的骨頭毆打對手進行攻擊。連續攻擊２～５次。
199,鎖定,ロックオン,Lock-On,一般,變化,0,0,5,精確地瞄準，下次攻擊時一定會命中對手。
200,逆鱗,げきりん,Outrage,龍,物理,120,100,10,在２～３回合內瘋狂亂打對手進行攻擊。大鬧一番後自己會陷入混亂。
201,沙暴,すなあらし,Sandstorm,岩石,變化,0,0,10,揚起沙暴，在５回合內給予岩石、地面和鋼屬性以外的寶可夢傷害。岩石屬性寶可夢的特防會提高。
202,終極吸取,ギガドレイン,Giga Drain,草,特殊,75,100,10,吸取對手的養分進行攻擊。可以回復給予對手傷害的一半ＨＰ。
203,挺住,こらえる,Endure,一般,變化,0,0,10,即使受到再強烈的攻擊，也一定會剩下１ＨＰ。連續使用時容易失敗。
204,撒嬌,あまえる,Charm,妖精,變化,0,100,20,用撒嬌的眼神誘使對手疏忽大意，大幅降低對手的攻擊。
205,滾動,ころがる,Rollout,岩石,物理,30,90,20,在５回合內連續滾動攻擊對手。每擊中一次，威力就會提高。
206,點到為止,みねうち,False Swipe,一般,物理,40,100,40,手下留情地攻擊對手，一定會讓對手剩下１ＨＰ。
207,虛張聲勢,いばる,Swagger,一般,變化,0,85,15,讓對手火大並陷入混亂。但對手的攻擊會因憤怒而大幅提高。
208,喝牛奶,ミルクのみ,Milk Drink,一般,變化,0,0,5,回復自己最大ＨＰ的一半。
209,電光,スパーク,Spark,電,物理,65,100,20,用電流圍繞身體，猛撞對手進行攻擊。有時會讓對手陷入麻痺狀態。
210,連斬,れんぞくぎり,Fury Cutter,蟲,物理,40,95,20,用鐮刀或爪子等斬切對手進行攻擊。連續命中時威力會提高。
211,鋼翼,はがねのつばさ,Steel Wing,鋼,物理,70,90,25,用堅硬的翅膀撞擊對手進行攻擊。有時會提高自己的防禦。
212,黑色目光,くろいまなざし,Mean Look,一般,變化,0,0,5,用漆黑深邃的眼神一動也不動地凝視對手，讓對手無法從戰鬥中逃走。
213,迷人,メロメロ,Attract,一般,變化,0,100,15,♂誘惑♀而♀誘惑♂，讓對手著迷。對手將難以使用招式。
214,夢話,ねごと,Sleep Talk,一般,變化,0,0,10,從自己已學會的招式中隨機選出１個使出。只有在睡眠狀態時可以使用。
215,治癒鈴聲,いやしのすず,Heal Bell,一般,變化,0,0,5,發出悅耳的鈴聲，治癒我方全體的異常狀態。
216,報恩,おんがえし,Return,一般,物理,-999,-999,-999,為了訓練家而全力攻擊對手。親密度越高，威力越大。
217,禮物,プレゼント,Present,一般,物理,-1,90,15,將暗藏機關的盒子遞給對手進行攻擊。但也有可能回復對手的ＨＰ。
218,遷怒,やつあたり,Frustration,一般,物理,-999,-999,-999,為了發洩不滿而全力攻擊對手。親密度越低，威力越大。
219,神秘守護,しんぴのまもり,Safeguard,一般,變化,0,0,25,在５回合內被神奇的力量守護，不會陷入異常狀態。
220,分擔痛楚,いたみわけ,Pain Split,一般,變化,0,0,20,將自己的ＨＰ和對手的ＨＰ相加，然後雙方友好地平分。
221,神聖之火,せいなるほのお,Sacred Fire,火,物理,100,95,5,用神秘的火焰燒盡對手進行攻擊。有時會讓對手陷入灼傷狀態。
222,震級,マグニチュード,Magnitude,地面,物理,-999,-999,-999,晃動地面，攻擊自己周圍所有的寶可夢。招式的威力有多種變化。
223,爆裂拳,ばくれつパンチ,Dynamic Punch,格鬥,物理,100,50,5,使出渾身力量出拳進行攻擊。必定會使對手混亂。
224,超級角擊,メガホーン,Megahorn,蟲,物理,120,85,10,用堅硬且華麗的角狠狠地刺進對手進行攻擊。
225,龍息,りゅうのいぶき,Dragon Breath,龍,特殊,60,100,20,將強烈的氣息吹向對手進行攻擊。有時會讓對手陷入麻痺狀態。
226,接棒,バトンタッチ,Baton Pass,一般,變化,0,0,40,與後備寶可夢進行替換。替換上場的寶可夢，將承接目前寶可夢的能力變化。
227,再來一次,アンコール,Encore,一般,變化,0,100,5,要求對手再來一次，讓對手連續３次使出最近一次使用的招式。
228,追打,おいうち,Pursuit,惡,物理,-999,-999,-999,在對手替換寶可夢時使用此招式的話，便能以２倍的威力進行攻擊。
229,高速旋轉,こうそくスピン,Rapid Spin,一般,物理,50,100,40,利用旋轉來攻擊對手。也可以擺脫綁緊、緊束，以及解除寄生種子和撒菱等招式。
230,甜甜香氣,あまいかおり,Sweet Scent,一般,變化,0,100,20,用香氣大幅降低對手的閃避率。
231,鐵尾,アイアンテール,Iron Tail,鋼,物理,100,75,15,將堅硬的尾巴甩向對手進行攻擊。有時會降低對手的防禦。
232,金屬爪,メタルクロー,Metal Claw,鋼,物理,50,95,35,用鋼鐵之爪撕裂對手進行攻擊。有時會提高自己的攻擊。
233,借力摔,あてみなげ,Vital Throw,格鬥,物理,-999,-999,-999,攻擊的順序會在對手之後。但是自己的攻擊必定會命中。
234,晨光,あさのひざし,Morning Sun,一般,變化,0,0,5,回復自己的ＨＰ。回復量會隨著天氣的不同而有所變化。
235,光合作用,こうごうせい,Synthesis,草,變化,0,0,5,回復自己的ＨＰ。回復量會隨著天氣的不同而有所變化。
236,月光,つきのひかり,Moonlight,妖精,變化,0,0,5,回復自己的ＨＰ。回復量會隨著天氣的不同而有所變化。
237,覺醒力量,めざめるパワー,Hidden Power,一般,特殊,-999,-999,-999,招式的屬性會隨著使用此招式的寶可夢而改變。
238,十字劈,クロスチョップ,Cross Chop,格鬥,物理,100,80,5,用左右手刀劈打對手進行攻擊。容易擊中要害。
239,龍捲風,たつまき,Twister,龍,特殊,40,100,20,刮起龍捲風，將對手捲入進行攻擊。有時會使對手畏縮。
240,求雨,あまごい,Rain Dance,水,變化,0,0,5,降下大雨，在５回合內提高水屬性招式的威力。火屬性招式的威力會降低。
241,大晴天,にほんばれ,Sunny Day,火,變化,0,0,5,讓陽光增強，在５回合內提高火屬性招式的威力。水屬性招式的威力會降低。
242,咬碎,かみくだく,Crunch,惡,物理,80,100,15,用尖銳的牙齒咬碎對手進行攻擊。有時會降低對手的防禦。
243,鏡面反射,ミラーコート,Mirror Coat,超能力,特殊,-1,100,20,將來自對手的特殊攻擊傷害加倍後，返還給該對手。
244,自我暗示,じこあんじ,Psych Up,一般,變化,0,0,10,向自己施加自我暗示，讓能力變化的狀態變得與對手相同。
245,神速,しんそく,Extreme Speed,一般,物理,80,100,5,以迅雷不及掩耳之勢猛撞向對手進行攻擊。必定能夠發動先制攻擊。
246,原始之力,げんしのちから,Ancient Power,岩石,特殊,60,100,5,用原始之力進行攻擊。有時會提高自己的所有能力。
247,暗影球,シャドーボール,Shadow Ball,幽靈,特殊,80,100,15,投擲一團黑影進行攻擊。有時會降低對手的特防。
248,預知未來,みらいよち,Future Sight,超能力,特殊,120,100,10,使用招式的２回合後，向對手發送一團念力進行攻擊。
249,碎岩,いわくだき,Rock Smash,格鬥,物理,40,100,15,用拳頭進行攻擊。有時會降低對手的防禦。
250,潮旋,うずしお,Whirlpool,水,特殊,35,85,15,將對手困在激烈的水流漩渦中，在４～５回合內進行攻擊。
251,圍攻,ふくろだたき,Beat Up,惡,物理,-1,100,10,讓我方所有寶可夢進行攻擊。同行的寶可夢越多，招式的攻擊次數越多。
252,擊掌奇襲,ねこだまし,Fake Out,一般,物理,40,100,10,利用先制攻擊使對手畏縮。要在上場後立即使用才會成功。
253,吵鬧,さわぐ,Uproar,一般,特殊,90,100,10,在３回合內大吵大鬧攻擊對手。在此期間誰都無法入眠。
254,蓄力,たくわえる,Stockpile,一般,變化,0,0,20,蓄積力量，提高自己的防禦和特防。最多蓄積３次。
255,噴出,はきだす,Spit Up,一般,特殊,-1,100,10,將蓄積的力量撞向對手進行攻擊。蓄積得越多，威力越大。
256,吞下,のみこむ,Swallow,一般,變化,0,0,10,將蓄積的力量吞下，回復自己的ＨＰ。蓄積得越多，回復越多。
257,熱風,ねっぷう,Heat Wave,火,特殊,95,90,10,將炎熱的氣息吹向對手進行攻擊。有時會讓對手陷入灼傷狀態。
258,冰雹,あられ,Hail,冰,變化,-999,-999,-999,降下冰雹，在５回合內場上除了冰屬性以外的寶可夢都會受到傷害。
259,無理取鬧,いちゃもん,Torment,惡,變化,0,100,15,無理取鬧，讓對手不能連續２次使出相同招式。
260,吹捧,おだてる,Flatter,惡,變化,0,100,15,吹捧對手，使其混亂。同時還會提高對手的特攻。
261,鬼火,おにび,Will-O-Wisp,火,變化,0,85,15,放出詭異的火焰，讓對手陷入灼傷狀態。
262,臨別禮物,おきみやげ,Memento,惡,變化,0,100,10,雖然自己會陷入瀕死，但可以大幅降低對手的攻擊和特攻。
263,硬撐,からげんき,Facade,一般,物理,70,100,20,當自己陷入中毒、麻痺、灼傷等狀態時，向對手使用此招式，威力會變成２倍。
264,真氣拳,きあいパンチ,Focus Punch,格鬥,物理,150,100,20,集中精神後出拳。若出拳前受到攻擊，則會失敗。
265,清醒,きつけ,Smelling Salts,一般,物理,-999,-999,-999,攻擊陷入麻痺狀態的對手時，威力會變成２倍。但也會治癒對手的麻痺。
266,看我嘛,このゆびとまれ,Follow Me,一般,變化,0,0,20,吸引對手的注意，將對手的攻擊全部轉移到自己身上。
267,自然之力,しぜんのちから,Nature Power,一般,變化,-999,-999,-999,用自然之力進行攻擊。隨著使用地點的不同，使出的招式也會改變。
268,充電,じゅうでん,Charge,電,變化,0,0,20,提高下一回合使出的電屬性招式威力。也會提高自己的特防。
269,挑釁,ちょうはつ,Taunt,惡,變化,0,100,20,激怒對手。在３回合內讓對手只能使出給予傷害的招式。
270,幫助,てだすけ,Helping Hand,一般,變化,0,0,20,幫助夥伴。被幫助的寶可夢，招式的威力會比原來更大。
271,戲法,トリック,Trick,超能力,變化,0,100,10,在對手露出空隙時，趁機交換自己和對手的持有物。
272,扮演,なりきり,Role Play,超能力,變化,0,0,10,扮演成對手，讓自己的特性也變得和對手相同。
273,祈願,ねがいごと,Wish,一般,變化,0,0,10,在下一回合回復自己或是替換上場的寶可夢最大ＨＰ的一半。
274,藉助,ねこのて,Assist,一般,變化,-999,-999,-999,緊急向同伴求救，從我方寶可夢已學會的招式中隨機選出１個使用。
275,扎根,ねをはる,Ingrain,草,變化,0,0,20,在大地上扎根，每回合會回復自己的ＨＰ。但扎根之後無法進行替換。
276,蠻力,ばかぢから,Superpower,格鬥,物理,120,100,5,發揮驚人的力量攻擊對手。自己的攻擊和防禦會降低。
277,魔法反射,マジックコート,Magic Coat,超能力,變化,-999,-999,-999,若對手使用寄生種子或其他會讓寶可夢陷入異常狀態的招式時，可將對手的招式反彈回去。
278,回收利用,リサイクル,Recycle,一般,變化,0,0,10,將在戰鬥中已消耗完的寶可夢持有物回收後，回復成可以使用的狀態。
279,報復,リベンジ,Revenge,格鬥,物理,-999,-999,-999,如果受到對手的招式攻擊，給予該對手的傷害就會變成２倍。
280,劈瓦,かわらわり,Brick Break,格鬥,物理,75,100,15,猛烈地揮下手刀攻擊對手。還可以破壞光牆和反射壁等。
281,哈欠,あくび,Yawn,一般,變化,0,0,10,打個大哈欠引起睡意。在下一回合讓對手陷入睡眠狀態。
282,拍落,はたきおとす,Knock Off,惡,物理,65,100,20,拍落對手的持有物，讓對手在戰鬥結束前都無法使用。對手有攜帶物品時，傷害會增加。
283,蠻幹,がむしゃら,Endeavor,一般,物理,-1,100,5,給予傷害，使對手的ＨＰ變得和自己的ＨＰ一樣。
284,噴火,ふんか,Eruption,火,特殊,150,100,5,爆發怒火攻擊對手。自己的ＨＰ越少，招式的威力越小。
285,特性互換,スキルスワップ,Skill Swap,超能力,變化,0,0,10,用超能力將自己和對手的特性互相交換。
286,封印,ふういん,Imprison,超能力,變化,0,0,10,如果對手也學會了和自己相同的招式，則對手將不能使用該招式。
287,煥然一新,リフレッシュ,Refresh,一般,變化,-999,-999,-999,讓身體休息，治癒自己身上的中毒、麻痺、灼傷的異常狀態。
288,怨念,おんねん,Grudge,幽靈,變化,-999,-999,-999,因為對手的招式而陷入瀕死時，施加怨念，讓該招式的ＰＰ變成０。
289,搶奪,よこどり,Snatch,惡,變化,-999,-999,-999,將對手打算使用的回復招式或能力變化招式奪為己用。
290,秘密之力,ひみつのちから,Secret Power,一般,物理,-999,-999,-999,隨著使用地點的不同，招式的追加效果也會改變。
291,潛水,ダイビング,Dive,水,物理,80,100,10,使用後的第１回合潛入水中，並於第２回合浮上來進行攻擊。
292,猛推,つっぱり,Arm Thrust,格鬥,物理,15,100,20,用張開的雙手猛推對手進行攻擊。連續攻擊２～５次。
293,保護色,ほごしょく,Camouflage,一般,變化,-999,-999,-999,可以因應所在的地點如水邊、草叢和洞窟等，改變自己的屬性。
294,螢火,ほたるび,Tail Glow,蟲,變化,0,0,20,凝視閃爍的光芒，集中精神，極大幅提高自己的特攻。
295,潔淨光芒,ラスターパージ,Luster Purge,超能力,特殊,70,100,5,放出耀眼的光芒進行攻擊。有時會降低對手的特防。
296,薄霧球,ミストボール,Mist Ball,超能力,特殊,70,100,5,將霧狀的羽毛聚集成團進行攻擊。有時會降低對手的特攻。
297,羽毛舞,フェザーダンス,Feather Dance,飛行,變化,0,100,15,撒出羽毛，纏住對手的身體。大幅降低對手的攻擊。
298,搖晃舞,フラフラダンス,Teeter Dance,一般,變化,0,100,20,搖搖晃晃地跳起舞，讓自己周圍的寶可夢陷入混亂狀態。
299,火焰踢,ブレイズキック,Blaze Kick,火,物理,85,90,10,有時會讓受到攻擊的對手陷入灼傷狀態。且容易擊中要害。
300,玩泥巴,どろあそび,Mud Sport,地面,變化,-999,-999,-999,將周圍弄得到處是泥。在５回合內減弱電屬性的招式。
301,冰球,アイスボール,Ice Ball,冰,物理,-999,-999,-999,在５回合內不斷攻擊對手。每擊中一次，威力就會提高。
302,尖刺臂,ニードルアーム,Needle Arm,草,物理,-999,-999,-999,用帶刺的手臂猛烈揮打進行攻擊。有時會使對手畏縮。
303,偷懶,なまける,Slack Off,一般,變化,0,0,5,偷懶休息。回復自己最大ＨＰ的一半。
304,巨聲,ハイパーボイス,Hyper Voice,一般,特殊,90,100,10,製造出震耳欲聾的巨大聲波攻擊對手。
305,劇毒牙,どくどくのキバ,Poison Fang,毒,物理,50,100,15,用有毒的牙齒咬住對手進行攻擊。有時會讓對手陷入劇毒狀態。
306,撕裂爪,ブレイククロー,Crush Claw,一般,物理,75,95,10,用堅硬的銳爪撕裂對手進行攻擊。有時會降低對手的防禦。
307,爆炸烈焰,ブラストバーン,Blast Burn,火,特殊,150,90,5,用爆炸的火焰燒盡對手進行攻擊。下一回合自己將無法動彈。
308,加農水炮,ハイドロカノン,Hydro Cannon,水,特殊,150,90,5,向對手發射水炮進行攻擊。下一回合自己將無法動彈。
309,彗星拳,コメットパンチ,Meteor Mash,鋼,物理,90,90,10,使出如同彗星般的拳頭攻擊對手。有時會提高自己的攻擊。
310,驚嚇,おどろかす,Astonish,幽靈,物理,30,100,15,用巨大的聲響等突然驚嚇對手進行攻擊。有時會讓對手畏縮。
311,氣象球,ウェザーボール,Weather Ball,一般,特殊,50,100,10,招式屬性和威力會隨著使用時天氣的不同而改變。
312,芳香治療,アロマセラピー,Aromatherapy,草,變化,-999,-999,-999,釋放出宜人的香氣，治癒我方全體的異常狀態。
313,假哭,うそなき,Fake Tears,惡,變化,0,100,20,裝哭掉眼淚。讓對手不知所措，大幅降低對手的特防。
314,空氣利刃,エアカッター,Air Cutter,飛行,特殊,60,95,25,用鋒利的風刃斬切對手進行攻擊。容易擊中要害。
315,過熱,オーバーヒート,Overheat,火,特殊,130,90,5,釋放全部能量攻擊對手。使用後因為反作用力，自己的特攻會大幅降低。
316,氣味偵測,かぎわける,Odor Sleuth,一般,變化,-999,-999,-999,讓對幽靈屬性寶可夢無效的招式能夠發揮效果，也可不顧對手提高後的閃避率進行攻擊。
317,岩石封鎖,がんせきふうじ,Rock Tomb,岩石,物理,60,95,15,投擲岩石進行攻擊。封住對手的行動，進而降低其速度。
318,銀色旋風,ぎんいろのかぜ,Silver Wind,蟲,特殊,-999,-999,-999,乘著風飄送鱗粉攻擊對手。有時會提高自己的所有能力。
319,金屬音,きんぞくおん,Metal Sound,鋼,變化,0,85,40,讓對手聽如同金屬摩擦般的刺耳聲。大幅降低對手的特防。
320,草笛,くさぶえ,Grass Whistle,草,變化,-999,-999,-999,發出悅耳的笛聲，讓對手陷入睡眠狀態。
321,搔癢,くすぐる,Tickle,一般,變化,0,100,20,搔癢對手的身體，讓對手發笑，降低對手的攻擊和防禦。
322,宇宙力量,コスモパワー,Cosmic Power,超能力,變化,0,0,20,吸取來自宇宙的神秘力量，提高自己的防禦和特防。
323,噴水,しおふき,Water Spout,水,特殊,150,100,5,噴起潮水進行攻擊。自己的ＨＰ越少，招式的威力越小。
324,信號光束,シグナルビーム,Signal Beam,蟲,特殊,-999,-999,-999,發射神奇的光線進行攻擊。有時會使對手混亂。
325,暗影拳,シャドーパンチ,Shadow Punch,幽靈,物理,60,0,20,暗藏在陰影之中出拳。攻擊必定會命中。
326,神通力,じんつうりき,Extrasensory,超能力,特殊,80,100,20,發送看不見的神奇力量進行攻擊。有時會使對手畏縮。
327,衝天拳,スカイアッパー,Sky Uppercut,格鬥,物理,-999,-999,-999,用直衝天空般的上勾拳高高地打飛對手進行攻擊。
328,流沙地獄,すなじごく,Sand Tomb,地面,物理,35,85,15,將對手困在鋪天蓋地的沙暴中，在４～５回合內進行攻擊。
329,絕對零度,ぜったいれいど,Sheer Cold,冰,特殊,-1,-1,5,一擊讓對手陷入瀕死。冰屬性以外的寶可夢使用時，會比較不易命中對手。
330,濁流,だくりゅう,Muddy Water,水,特殊,90,85,10,用渾濁的污水攻擊對手。有時會降低對手的命中率。
331,種子機關槍,タネマシンガン,Bullet Seed,草,物理,25,100,30,向對手猛烈地發射種子進行攻擊。連續攻擊２～５次。
332,燕返,つばめがえし,Aerial Ace,飛行,物理,60,0,20,以敏捷的動作戲弄對手後進行切斬。攻擊必定會命中。
333,冰錐,つららばり,Icicle Spear,冰,物理,25,100,30,向對手發射尖銳的冰柱進行攻擊。可連續攻擊２～５次。
334,鐵壁,てっぺき,Iron Defense,鋼,變化,0,0,15,將皮膚變得堅硬如鐵，大幅提高自己的防禦。
335,擋路,とおせんぼう,Block,一般,變化,0,0,5,張開雙手進行阻擋，封住對手的退路，讓對手無法逃走。
336,長嚎,とおぼえ,Howl,一般,變化,0,0,40,大聲地吼叫提升氣勢，提高自己的攻擊。
337,龍爪,ドラゴンクロー,Dragon Claw,龍,物理,80,100,15,用尖銳的巨爪撕裂對手進行攻擊。
338,瘋狂植物,ハードプラント,Frenzy Plant,草,特殊,150,90,5,將大大的樹木甩向對手進行攻擊。下一回合自己將無法動彈。
339,健美,ビルドアップ,Bulk Up,格鬥,變化,0,0,20,將力量集中於體內，增厚肌肉，提高自己的攻擊和防禦。
340,彈跳,とびはねる,Bounce,飛行,物理,85,85,5,彈跳到高空中，在下一回合攻擊對手。有時會讓對手陷入麻痺狀態。
341,泥巴射擊,マッドショット,Mud Shot,地面,特殊,55,95,15,向對手投擲泥塊進行攻擊。同時降低對手的速度。
342,毒尾,ポイズンテール,Poison Tail,毒,物理,50,100,25,將尾巴甩向對手進行攻擊。有時會讓對手陷入中毒狀態，且容易擊中要害。
343,渴望,ほしがる,Covet,一般,物理,60,100,25,一邊可愛地撒嬌，一邊靠近對手，奪取對手攜帶的道具。
344,伏特攻擊,ボルテッカー,Volt Tackle,電,物理,120,100,15,用電流圍繞全身後猛撞對手。自己也會受到不小的傷害。有時會讓對手陷入麻痺狀態。
345,魔法葉,マジカルリーフ,Magical Leaf,草,特殊,60,0,20,散落可以追蹤對手的神奇葉子。攻擊必定會命中。
346,玩水,みずあそび,Water Sport,水,變化,-999,-999,-999,用水把周圍弄得濕答答。在５回合內減弱火屬性的招式。
347,冥想,めいそう,Calm Mind,超能力,變化,0,0,20,屏氣凝神，提高自己的特攻和特防。
348,葉刃,リーフブレード,Leaf Blade,草,物理,90,100,15,如用劍般操控葉子切斬對手進行攻擊。容易擊中要害。
349,龍之舞,りゅうのまい,Dragon Dance,龍,變化,0,0,20,激烈地跳起神秘又強而有力的舞蹈。提高自己的攻擊和速度。
350,岩石爆擊,ロックブラスト,Rock Blast,岩石,物理,25,90,10,向對手發射堅硬的岩石進行攻擊。連續攻擊２～５次。
351,電擊波,でんげきは,Shock Wave,電,特殊,60,0,20,向對手迅速放出電流。攻擊一定會命中。
352,水之波動,みずのはどう,Water Pulse,水,特殊,60,100,20,用水的震動攻擊對手。有時會使對手混亂。
353,破滅之願,はめつのねがい,Doom Desire,鋼,特殊,140,100,5,使用招式的２回合後，向對手發射無數道光束進行攻擊。
354,精神突進,サイコブースト,Psycho Boost,超能力,特殊,140,90,5,釋放全部能量攻擊對手。使用後因為反作用力，自己的特攻會大幅降低。
355,羽棲,はねやすめ,Roost,飛行,變化,0,0,5,降落到地面，讓身體休息。回復自己最大ＨＰ的一半。
356,重力,じゅうりょく,Gravity,超能力,變化,0,0,5,在５回合內，飄浮特性和飛行屬性的寶可夢會被地面屬性的招式擊中。且無法使用飛向空中的招式。
357,奇跡之眼,ミラクルアイ,Miracle Eye,超能力,變化,-999,-999,-999,讓對惡屬性寶可夢無效的招式能夠發揮效果，也可不顧對手提高後的閃避率進行攻擊。
358,喚醒巴掌,めざましビンタ,Wake-Up Slap,格鬥,物理,-999,-999,-999,攻擊陷入睡眠狀態的對手時，可以給予較大的傷害。但對手也會從睡眠中醒過來。
359,臂錘,アームハンマー,Hammer Arm,格鬥,物理,100,90,10,揮出強力而沉重的拳頭，給予對手傷害。自己的速度會降低。
360,陀螺球,ジャイロボール,Gyro Ball,鋼,物理,-1,100,5,高速旋轉身體，撞擊對手。速度比對手越慢，威力越大。
361,治癒之願,いやしのねがい,Healing Wish,超能力,變化,0,0,10,雖然自己會陷入瀕死，但可以治癒接替上場的寶可夢的異常狀態並回復ＨＰ。
362,鹽水,しおみず,Brine,水,特殊,65,100,10,當對手負傷，ＨＰ剩一半左右時，招式威力會變成２倍。
363,自然之恩,しぜんのめぐみ,Natural Gift,一般,物理,-999,-999,-999,從樹果上獲得力量進行攻擊。招式屬性和威力會隨著攜帶的樹果不同而改變。
364,佯攻,フェイント,Feint,一般,物理,30,100,10,能夠攻擊使用了守住或看穿的對手。並解除對手的防守效果。
365,啄食,ついばむ,Pluck,飛行,物理,60,100,20,用烏喙進行攻擊。可以吃下對手攜帶的樹果，並獲得樹果的效果。
366,順風,おいかぜ,Tailwind,飛行,變化,0,0,15,刮起猛烈的強風，在４回合內提高我方全體的速度。
367,點穴,つぼをつく,Acupressure,一般,變化,0,0,30,利用點穴激發身體的活力，大幅提高自己的某一項能力。
368,金屬爆炸,メタルバースト,Metal Burst,鋼,物理,-1,100,10,將發動攻擊前最後受到的招式傷害放大，向對手進行反擊。
369,急速折返,とんぼがえり,U-turn,蟲,物理,70,100,20,攻擊後迅速返回，和後備寶可夢進行替換。
370,近身戰,インファイト,Close Combat,格鬥,物理,120,100,5,反守為攻，近身突擊對手。自己的防禦和特防會降低。
371,以牙還牙,しっぺがえし,Payback,惡,物理,50,100,10,累積力量進行攻擊。若在對手之後進行攻擊，招式的威力會變成２倍。
372,惡意追擊,ダメおし,Assurance,惡,物理,60,100,10,如果此回合內對手已受到傷害，招式威力會變成２倍。
373,查封,さしおさえ,Embargo,惡,變化,-999,-999,-999,讓對手在５回合內無法使用攜帶的道具。訓練家也不能對該寶可夢使用道具。
374,投擲,なげつける,Fling,惡,物理,-1,100,10,快速投擲攜帶的道具進行攻擊。招式威力和效果會隨著道具不同而改變。
375,精神轉移,サイコシフト,Psycho Shift,超能力,變化,-999,-999,-999,用超能力施加暗示，將自己的異常狀態轉移給對手。
376,王牌,きりふだ,Trump Card,一般,特殊,-999,-999,-999,這個招式的剩餘ＰＰ越少，威力越大。
377,回復封鎖,かいふくふうじ,Heal Block,超能力,變化,-999,-999,-999,讓對手在５回合內無法利用招式、特性或攜帶的道具回復ＨＰ。
378,絞緊,しぼりとる,Wring Out,一般,特殊,-999,-999,-999,用力勒緊對手進行攻擊。對手現有的ＨＰ越多，招式的威力越大。
379,力量戲法,パワートリック,Power Trick,超能力,變化,0,0,10,利用超能力，將自己的攻擊和防禦互相交換。
380,胃液,いえき,Gastro Acid,毒,變化,0,100,10,將胃液吐向對手的身體。沾到的胃液會消除對手的特性效果。
381,幸運咒語,おまじない,Lucky Chant,一般,變化,-999,-999,-999,對天許願，讓自己在５回合內不會被對手的攻擊命中要害。
382,搶先一步,さきどり,Me First,一般,變化,-999,-999,-999,以更高的威力，搶先發動對手準備使出的招式。若行動順序在對手之後則會失敗。
383,仿效,まねっこ,Copycat,一般,變化,0,0,20,模仿對手最近一次使用的招式，若對手沒有成功出招則會失敗。
384,力量互換,パワースワップ,Power Swap,超能力,變化,0,0,10,用超能力將自己和對手的攻擊與特攻的能力變化互相交換。
385,防守互換,ガードスワップ,Guard Swap,超能力,變化,0,0,10,用超能力將自己和對手的防禦與特防的能力變化互相交換。
386,懲罰,おしおき,Punishment,惡,物理,-999,-999,-999,對手的能力因為能力變化而提高得越多，招式的威力就越大。
387,珍藏,とっておき,Last Resort,一般,物理,140,100,5,在戰鬥中將其他已學會的招式全部使用過後，才能夠使出的珍藏招式。
388,煩惱種子,なやみのタネ,Worry Seed,草,變化,0,100,10,埋下令人心煩意亂的種子，讓對手睡不著，將對手的特性變成不眠。
389,突襲,ふいうち,Sucker Punch,惡,物理,70,100,5,可以搶先對手一步進行攻擊。若對手使用的不是攻擊招式則會失敗。
390,毒菱,どくびし,Toxic Spikes,毒,變化,0,0,20,在對手腳下散布毒菱。讓對手替換出場的寶可夢陷入中毒狀態。
391,心靈互換,ハートスワップ,Heart Swap,超能力,變化,0,0,10,用超能力將自己和對手的能力變化互相交換。
392,水流環,アクアリング,Aqua Ring,水,變化,0,0,20,在自己的身邊套上水流環。每回合會回復自己的ＨＰ。
393,電磁飄浮,でんじふゆう,Magnet Rise,電,變化,0,0,10,利用電氣產生的磁力浮在空中。在５回合內可以飄浮。
394,閃焰衝鋒,フレアドライブ,Flare Blitz,火,物理,120,100,15,將火焰圍繞全身後猛撞對手。自己也會受到不小的傷害。有時會讓對手陷入灼傷狀態。
395,發勁,はっけい,Force Palm,格鬥,物理,60,100,10,向對手的身體發出衝擊波進行攻擊。有時會讓對手陷入麻痺狀態。
396,波導彈,はどうだん,Aura Sphere,格鬥,特殊,80,0,20,將來自體內深處的波導之力擊向對手。攻擊必定會命中。
397,岩石打磨,ロックカット,Rock Polish,岩石,變化,0,0,20,打磨自己的身體，減少空氣阻力。可大幅提高自己的速度。
398,毒擊,どくづき,Poison Jab,毒,物理,80,100,20,以帶有毒性的觸手或手臂刺進對手。有時會讓對手陷入中毒狀態。
399,惡之波動,あくのはどう,Dark Pulse,惡,特殊,80,100,15,從身體散發出充滿惡意的恐怖氣場。有時會使對手畏縮。
400,暗襲要害,つじぎり,Night Slash,惡,物理,70,100,15,抓住瞬間的空隙斬切對手。容易擊中要害。
401,水流尾,アクアテール,Aqua Tail,水,物理,90,90,10,如驚濤駭浪般地甩動大尾巴攻擊對手。
402,種子炸彈,タネばくだん,Seed Bomb,草,物理,80,100,15,從上方砸下外殼堅硬的大種子，攻擊對手。
403,空氣斬,エアスラッシュ,Air Slash,飛行,特殊,75,95,15,用連天空也能劈開的空氣斬進行攻擊。有時會使對手畏縮。
404,十字剪,シザークロス,X-Scissor,蟲,物理,80,100,15,將鐮刀或爪子像剪刀般地交叉，順勢劈開對手。
405,蟲鳴,むしのさざめき,Bug Buzz,蟲,特殊,90,100,10,利用振動產生出的音波進行攻擊。有時會降低對手的特防。
406,龍之波動,りゅうのはどう,Dragon Pulse,龍,特殊,85,100,10,從張大的口中發射衝擊波攻擊對手。
407,龍之俯衝,ドラゴンダイブ,Dragon Rush,龍,物理,100,75,10,釋放出駭人的殺氣，威嚇並撞擊對手。有時會使對手畏縮。
408,力量寶石,パワージェム,Power Gem,岩石,特殊,80,100,20,發射如寶石般閃耀的光芒攻擊對手。
409,吸取拳,ドレインパンチ,Drain Punch,格鬥,物理,75,100,10,從拳頭吸取對手的力量。可以回復給予對手傷害的一半ＨＰ。
410,真空波,しんくうは,Vacuum Wave,格鬥,特殊,40,100,30,揮動拳頭，捲起真空波。必定能夠發動先制攻擊。
411,真氣彈,きあいだま,Focus Blast,格鬥,特殊,120,70,5,提高氣勢，釋放全身所有力量。有時會降低對手的特防。
412,能量球,エナジーボール,Energy Ball,草,特殊,90,100,10,發射從大自然匯聚而來的生命力量。有時會降低對手的特防。
413,勇鳥猛攻,ブレイブバード,Brave Bird,飛行,物理,120,100,15,收起翅膀，低空飛行突擊對手。自己也會受到不小的傷害。
414,大地之力,だいちのちから,Earth Power,地面,特殊,90,100,10,向對手腳下釋放出大地之力。有時會降低對手的特防。
415,掉包,すりかえ,Switcheroo,惡,變化,0,100,10,以肉眼看不清的速度將自己和對手的持有物互相交換。
416,終極衝擊,ギガインパクト,Giga Impact,一般,物理,150,90,5,使出全身上下所有力量突擊對手。下一回合自己將無法動彈。
417,詭計,わるだくみ,Nasty Plot,惡,變化,0,0,20,動歪腦筋，活化大腦。大幅提高自己的特攻。
418,子彈拳,バレットパンチ,Bullet Punch,鋼,物理,40,100,30,向對手連續揮出如子彈般快速且堅硬的拳頭。必定能夠發動先制攻擊。
419,雪崩,ゆきなだれ,Avalanche,冰,物理,60,100,10,如果受到對手的招式攻擊，給予該對手的招式威力就會變成２倍。
420,冰礫,こおりのつぶて,Ice Shard,冰,物理,40,100,30,將瞬間製造出的冰塊快速地扔向對手。必定能夠發動先制攻擊。
421,暗影爪,シャドークロー,Shadow Claw,幽靈,物理,70,100,15,用黑影化成的銳利爪子撕裂對手。容易擊中要害。
422,雷電牙,かみなりのキバ,Thunder Fang,電,物理,65,95,15,用蓄滿電流的牙齒咬住對手。有時會讓對手畏縮或陷入麻痺狀態。
423,冰凍牙,こおりのキバ,Ice Fang,冰,物理,65,95,15,用帶有寒氣的牙齒咬住對手。有時會讓對手畏縮或陷入冰凍狀態。
424,火焰牙,ほのおのキバ,Fire Fang,火,物理,65,95,15,用纏繞火焰的牙齒咬住對手。有時會讓對手畏縮或陷入灼傷狀態。
425,影子偷襲,かげうち,Shadow Sneak,幽靈,物理,40,100,30,伸長自己的影子，從對手的背後進行攻擊。必定能夠發動先制攻擊。
426,泥巴炸彈,どろばくだん,Mud Bomb,地面,特殊,-999,-999,-999,向對手發射堅硬的泥彈進行攻擊。有時會降低對手的命中率。
427,精神利刃,サイコカッター,Psycho Cut,超能力,物理,70,100,20,用實體化的精神利刃斬向對手。容易擊中要害。
428,意念頭錘,しねんのずつき,Zen Headbutt,超能力,物理,80,90,15,將意念的力量集中在前額進行攻擊。有時會讓對手畏縮。
429,鏡光射擊,ミラーショット,Mirror Shot,鋼,特殊,-999,-999,-999,用磨得亮晶晶的身體向對手放出閃光之力進行攻擊。有時會降低對手的命中率。
430,加農光炮,ラスターカノン,Flash Cannon,鋼,特殊,80,100,10,將身體的光芒聚集在一個點後釋放出去。有時會降低對手的特防。
431,攀岩,ロッククライム,Rock Climb,一般,物理,-999,-999,-999,用盡全力撲向對手進行攻擊。有時會使對手混亂。
432,清除濃霧,きりばらい,Defog,飛行,變化,0,0,15,用強風吹開對手的反射壁或光牆等。也會降低對手的閃避率。
433,戲法空間,トリックルーム,Trick Room,超能力,變化,0,0,5,創造出非常不可思議的空間。在５回合內，速度慢的寶可夢可以先行動。
434,流星群,りゅうせいぐん,Draco Meteor,龍,特殊,130,90,5,讓隕石從空中落下以攻擊對手。使用後因為反作用力，自己的特攻會大幅降低。
435,放電,ほうでん,Discharge,電,特殊,80,100,15,用耀眼的電流攻擊自己周圍所有的寶可夢。有時會讓對手陷入麻痺狀態。
436,噴煙,ふんえん,Lava Plume,火,特殊,80,100,15,用熊熊烈火攻擊自己周圍所有的寶可夢。有時會讓對手陷入灼傷狀態。
437,飛葉風暴,リーフストーム,Leaf Storm,草,特殊,130,90,5,用尖銳的葉子捲起風暴向對手進行攻擊。使用後因為反作用力，自己的特攻會大幅降低。
438,強力鞭打,パワーウィップ,Power Whip,草,物理,120,85,10,激烈地揮舞藤蔓或觸手向對手進行攻擊。
439,岩石炮,がんせきほう,Rock Wrecker,岩石,物理,150,90,5,向對手發射巨大的岩石進行攻擊。下一回合自己將無法動彈。
440,十字毒刃,クロスポイズン,Cross Poison,毒,物理,70,100,20,用毒刃劈開對手。有時會讓對手陷入中毒狀態，也容易擊中要害。
441,垃圾射擊,ダストシュート,Gunk Shot,毒,物理,120,80,5,將骯髒的垃圾丟向對手進行攻擊。有時會讓對手陷入中毒狀態。
442,鐵頭,アイアンヘッド,Iron Head,鋼,物理,80,100,15,用如同鋼鐵般堅硬的頭部進行攻擊。有時會讓對手畏縮。
443,磁鐵炸彈,マグネットボム,Magnet Bomb,鋼,物理,-999,-999,-999,發射能吸住對手的鋼鐵炸彈。攻擊必定會命中。
444,尖石攻擊,ストーンエッジ,Stone Edge,岩石,物理,100,80,5,用尖銳的岩石刺進對手進行攻擊。容易擊中要害。
445,誘惑,ゆうわく,Captivate,一般,變化,-999,-999,-999,♂誘惑♀而♀誘惑♂，大幅降低對手的特攻。
446,隱形岩,ステルスロック,Stealth Rock,岩石,變化,0,0,20,在對手周圍撒下無數飄浮的岩石，讓對手替換出場的寶可夢受到傷害。
447,打草結,くさむすび,Grass Knot,草,特殊,-1,100,20,用打結的草絆倒對手。對手越重，威力越大。
448,喋喋不休,おしゃべり,Chatter,飛行,特殊,65,100,20,用非常煩人且喋喋不休的音波攻擊對手。使對手混亂。
449,制裁光礫,さばきのつぶて,Judgment,一般,特殊,100,100,10,向對手放出無數的光彈。招式的屬性會隨著自己攜帶的石板不同而改變。
450,蟲咬,むしくい,Bug Bite,蟲,物理,60,100,20,叮咬對手進行攻擊。可以吃下對手攜帶的樹果，並獲得樹果的效果。
451,充電光束,チャージビーム,Charge Beam,電,特殊,50,90,10,向對手發射電擊光束。有時會因電流蓄積，提高自己的特攻。
452,木槌,ウッドハンマー,Wood Hammer,草,物理,120,100,15,用堅硬的軀體撞擊對手進行攻擊。自己也會受到不小的傷害。
453,水流噴射,アクアジェット,Aqua Jet,水,物理,40,100,20,以迅雷不及掩耳之勢衝撞對手。必定能夠發動先制攻擊。
454,攻擊指令,こうげきしれい,Attack Order,蟲,物理,90,100,15,呼喚手下，向對手發動攻擊。容易擊中要害。
455,防禦指令,ぼうぎょしれい,Defend Order,蟲,變化,0,0,10,呼喚手下，覆蓋住自己的身體。可提高自己的防禦和特防。
456,回復指令,かいふくしれい,Heal Order,蟲,變化,-999,-999,-999,呼喚手下，治療自己的傷勢。回復自己最大ＨＰ的一半。
457,雙刃頭錘,もろはのずつき,Head Smash,岩石,物理,150,80,5,使出渾身力量，捨身向對手進行頭錘攻擊。自己也會受到非常大的傷害。
458,二連擊,ダブルアタック,Double Hit,一般,物理,35,90,10,用尾巴等向對手進行攻擊。連續２次給予傷害。
459,時光咆哮,ときのほうこう,Roar of Time,龍,特殊,150,90,5,釋放出足以扭曲時間的強大力量攻擊對手。下一回合自己將無法動彈。
460,亞空裂斬,あくうせつだん,Spacial Rend,龍,特殊,100,95,5,將對手連同周圍的空間一起切開，給予對手傷害。容易擊中要害。
461,新月舞,みかづきのまい,Lunar Dance,超能力,變化,0,0,10,雖然自己會陷入瀕死，但可以讓接替上場的寶可夢回復到萬全狀態。
462,捏碎,にぎりつぶす,Crush Grip,一般,物理,-1,100,5,用驚人的力量捏碎對手。對手現有的ＨＰ越多，招式的威力越大。
463,熔岩風暴,マグマストーム,Magma Storm,火,特殊,100,75,5,將對手困在熊熊燃燒的火焰中，在４～５回合內進行攻擊。
464,暗黑洞,ダークホール,Dark Void,惡,變化,0,50,10,將對手強制拉進黑暗的世界，讓對手陷入睡眠狀態。
465,種子閃光,シードフレア,Seed Flare,草,特殊,120,85,5,從身體裡發出衝擊波攻擊對手。有時會大幅降低對手的特防。
466,奇異之風,あやしいかぜ,Ominous Wind,幽靈,特殊,-999,-999,-999,用令人毛骨悚然的強風攻擊對手。有時會提高自己的所有能力。
467,暗影潛襲,シャドーダイブ,Shadow Force,幽靈,物理,120,100,5,使用後的第１回合消失身影，並於第２回合攻擊對手。處於守護的對手也能擊中。
468,磨爪,つめとぎ,Hone Claws,惡,變化,0,0,15,將爪子磨得更加鋒利。可提高自己的攻擊和命中率。
469,廣域防守,ワイドガード,Wide Guard,岩石,變化,0,0,10,在１回合內，防禦住攻擊我方全體的攻擊招式。
470,防守平分,ガードシェア,Guard Split,超能力,變化,0,0,10,用超能力將自己和對手的防禦和特防各別相加後，再進行平分。
471,力量平分,パワーシェア,Power Split,超能力,變化,0,0,10,用超能力將自己和對手的攻擊和特攻各別相加後，再進行平分。
472,奇妙空間,ワンダールーム,Wonder Room,超能力,變化,0,0,10,創造出非常不可思議的空間。在５回合內，讓所有寶可夢的防禦和特防互相交換。
473,精神衝擊,サイコショック,Psyshock,超能力,特殊,80,100,10,將神奇的念力波實體化後攻擊對手。給予對手物理傷害。
474,毒液衝擊,ベノムショック,Venoshock,毒,特殊,65,100,10,將特殊的毒液潑向對手。攻擊陷入中毒狀態的對手時，威力會變成２倍。
475,身體輕量化,ボディパージ,Autotomize,鋼,變化,-999,-999,-999,削去身體上多餘的部分。以大幅提高自己的速度，同時體重也會變輕。
476,憤怒粉,いかりのこな,Rage Powder,蟲,變化,0,0,20,將令人煩躁的粉末撒在自己身上，吸引對手的注意。進而將對手的攻擊全部轉移到自己身上。
477,意念移物,テレキネシス,Telekinesis,超能力,變化,-999,-999,-999,用超能力使對手浮起來。在３回合內攻擊會變得容易命中對手。
478,魔法空間,マジックルーム,Magic Room,超能力,變化,0,0,10,創造出非常不可思議的空間。在５回合內，所有寶可夢攜帶的道具都會失去效果。
479,擊落,うちおとす,Smack Down,岩石,物理,50,100,15,向空中的對手投擲石頭或炮彈等物體進行攻擊。對手會被擊落，掉到地面。
480,山嵐摔,やまあらし,Storm Throw,格鬥,物理,60,100,10,向對手發動強烈的一擊。一定會擊中要害。
481,烈焰濺射,はじけるほのお,Flame Burst,火,特殊,-999,-999,-999,用命中後會爆裂開來的火焰攻擊對手。爆裂後的火焰也會波及到對手身旁的同伴。
482,污泥波,ヘドロウェーブ,Sludge Wave,毒,特殊,95,100,10,用污泥波攻擊自己周圍所有的寶可夢。有時會讓對手陷入中毒狀態。
483,蝶舞,ちょうのまい,Quiver Dance,蟲,變化,0,0,20,輕巧地跳起神秘又美麗的舞蹈。提高自己的特攻、特防和速度。
484,重磅衝撞,ヘビーボンバー,Heavy Slam,鋼,物理,-1,100,10,用沉重的身體衝撞對手進行攻擊。體重比對手重越多，威力越大。
485,同步干擾,シンクロノイズ,Synchronoise,超能力,特殊,-999,-999,-999,用神奇的電波，攻擊周圍所有和自己相同屬性的寶可夢。
486,電球,エレキボール,Electro Ball,電,特殊,-1,100,10,用電球攻擊對手。速度比對手快越多，威力越大。
487,浸水,みずびたし,Soak,水,變化,0,100,20,朝對手灑下大量的水，讓對手變成水屬性。
488,蓄能焰襲,ニトロチャージ,Flame Charge,火,物理,50,100,20,讓火焰圍繞全身後攻擊對手。同時蓄積力量來提高自己的速度。
489,盤蜷,とぐろをまく,Coil,毒,變化,0,0,20,盤蜷身體集中精神。可提高自己的攻擊、防禦和命中率。
490,下盤踢,ローキック,Low Sweep,格鬥,物理,65,100,20,瞄準對手的腳，以敏捷的動作進行攻擊。可降低對手的速度。
491,酸液炸彈,アシッドボム,Acid Spray,毒,特殊,40,100,20,噴出能溶化對手的液體進行攻擊。可大幅降低對手的特防。
492,欺詐,イカサマ,Foul Play,惡,物理,95,100,15,利用對手的力量進行攻擊。對手的攻擊越高，給予對手的傷害越大。
493,單純光束,シンプルビーム,Simple Beam,一般,變化,0,100,15,向對手發射謎樣的念力波。接收了念力波的對手，特性會變成單純。
494,找夥伴,なかまづくり,Entrainment,一般,變化,0,100,15,用神奇的節奏跳舞。讓對手模仿自己的動作，變成和自己一樣的特性。
495,您先請,おさきにどうぞ,After You,一般,變化,0,0,15,支援對手，讓對手緊接在自己之後行動。
496,輪唱,りんしょう,Round,一般,特殊,60,100,15,用歌聲攻擊對手。大家一起輪唱便可以接連使出，威力也會提高。
497,回聲,エコーボイス,Echoed Voice,一般,特殊,40,100,15,用回聲攻擊對手。每回合有寶可夢持續使用回聲時，招式的威力會提高。
498,逐步擊破,なしくずし,Chip Away,一般,物理,-999,-999,-999,看準時機，確實地攻擊對手。可不顧對手的能力變化給予傷害。
499,清除之煙,クリアスモッグ,Clear Smog,毒,特殊,50,0,15,向對手投擲特殊的泥塊進行攻擊。能讓對手的能力變化回復到初始狀態。
500,輔助力量,アシストパワー,Stored Power,超能力,特殊,20,100,10,用蓄積的力量攻擊對手。自己的能力提高越多，招式的威力越大。
501,快速防守,ファストガード,Quick Guard,格鬥,變化,0,0,15,保護自己和同伴，防禦來自對手的先制攻擊。
502,交換場地,サイドチェンジ,Ally Switch,超能力,變化,0,0,15,用神奇的力量瞬間移動，讓自己和同伴的所在位置互換。
503,熱水,ねっとう,Scald,水,特殊,80,100,15,向對手噴射滾燙的熱水進行攻擊。有時會讓對手陷入灼傷狀態。
504,破殼,からをやぶる,Shell Smash,一般,變化,0,0,15,破殼而出。自己的防禦和特防會降低，但能大幅提高攻擊、特攻和速度。
505,治癒波動,いやしのはどう,Heal Pulse,超能力,變化,0,0,10,釋放出治癒波動，讓對手回復最大ＨＰ的一半。
506,禍不單行,たたりめ,Hex,幽靈,特殊,65,100,10,接二連三地向對手進行攻擊。攻擊陷入異常狀態的對手時，能給予較大的傷害。
507,自由落體,フリーフォール,Sky Drop,飛行,物理,-999,-999,-999,使用後的第１回合將對手帶到空中，並於第２回合摔下對手進行攻擊。被帶到空中的對手將無法行動。
508,換檔,ギアチェンジ,Shift Gear,鋼,變化,0,0,10,轉動齒輪，提高自己的攻擊，同時大幅提高自己的速度。
509,巴投,ともえなげ,Circle Throw,格鬥,物理,60,90,10,摔飛對手，強制讓後備寶可夢上場。對手為野生寶可夢時，戰鬥將直接結束。
510,燒盡,やきつくす,Incinerate,火,特殊,60,100,15,用火焰攻擊對手。能夠燒掉對手攜帶的樹果等道具，讓對手無法使用。
511,延後,さきおくり,Quash,惡,變化,0,100,15,壓制對手，讓對手在回合的最後才能行動。
512,雜技,アクロバット,Acrobatics,飛行,物理,55,100,15,輕巧地攻擊對手。自己沒有攜帶道具時，能給予對手較大的傷害。
513,鏡面屬性,ミラータイプ,Reflect Type,一般,變化,0,0,15,在自己身上反映出對手的屬性，讓自己也變成相同的屬性。
514,報仇,かたきうち,Retaliate,一般,物理,70,100,5,為倒下的同伴報仇。前一回合有同伴被打倒時，招式的威力會提高。
515,搏命,いのちがけ,Final Gambit,格鬥,特殊,-1,100,5,捨身攻擊對手。雖然自己會陷入瀕死，但能夠給予對手和自己現有ＨＰ相同的傷害。
516,傳遞禮物,ギフトパス,Bestow,一般,變化,-999,-999,-999,當對手沒有攜帶道具時，能夠將自己攜帶的道具交給對手。
517,煉獄,れんごく,Inferno,火,特殊,100,50,5,用猛烈的火焰包圍對手進行攻擊。能讓對手陷入灼傷狀態。
518,水之誓約,みずのちかい,Water Pledge,水,特殊,80,100,10,用水柱進行攻擊。和火之誓約同時使用時，威力會提高，天空會出現彩虹。
519,火之誓約,ほのおのちかい,Fire Pledge,火,特殊,80,100,10,用火柱進行攻擊。和草之誓約同時使用時，威力會提高，周圍會變成火海。
520,草之誓約,くさのちかい,Grass Pledge,草,特殊,80,100,10,用草柱進行攻擊。和水之誓約同時使用時，威力會提高，周圍會變成濕地。
521,伏特替換,ボルトチェンジ,Volt Switch,電,特殊,70,100,20,攻擊後迅速返回，和後備寶可夢進行替換。
522,蟲之抵抗,むしのていこう,Struggle Bug,蟲,特殊,50,100,20,抵抗對手進行攻擊。可降低對手的特攻。
523,重踏,じならし,Bulldoze,地面,物理,60,100,20,用力踩踏地面，攻擊自己周圍所有的寶可夢。可降低對手的速度。
524,冰息,こおりのいぶき,Frost Breath,冰,特殊,60,90,10,將冰冷的氣息吹向對手進行攻擊。必定會擊中要害。
525,龍尾,ドラゴンテール,Dragon Tail,龍,物理,60,90,10,彈飛對手，強制讓後備寶可夢上場。對手為野生寶可夢時，戰鬥將直接結束。
526,自我激勵,ふるいたてる,Work Up,一般,變化,0,0,30,激勵自己，提高自己的攻擊和特攻。
527,電網,エレキネット,Electroweb,電,特殊,55,95,15,用電網捉住對手進行攻擊。可降低對手的速度。
528,瘋狂伏特,ワイルドボルト,Wild Charge,電,物理,90,100,15,讓電流圍繞全身，衝撞對手進行攻擊。自己也會受到少許傷害。
529,直衝鑽,ドリルライナー,Drill Run,地面,物理,80,95,10,像鑽頭一樣旋轉身體，猛烈地撞擊對手。容易擊中要害。
530,二連劈,ダブルチョップ,Dual Chop,龍,物理,-999,-999,-999,用身體的堅硬部分攻擊對手。連續２次給予傷害。
531,愛心印章,ハートスタンプ,Heart Stamp,超能力,物理,-999,-999,-999,用可愛的動作讓對手疏忽，趁機發出強烈的一擊。有時會使對手畏縮。
532,木角,ウッドホーン,Horn Leech,草,物理,75,100,10,將角刺進對手，吸取養分。可以回復給予對手傷害的一半ＨＰ。
533,聖劍,せいなるつるぎ,Sacred Sword,格鬥,物理,90,100,15,用長角斬切對手進行攻擊。可不顧對手的能力變化給予傷害。
534,貝殼刃,シェルブレード,Razor Shell,水,物理,75,95,10,用鋒利的貝殼斬切對手進行攻擊。有時會降低對手的防禦。
535,高溫重壓,ヒートスタンプ,Heat Crash,火,物理,-1,100,10,用燃燒的身體重壓對手進行攻擊。體重比對手重越多，威力越大。
536,青草攪拌器,グラスミキサー,Leaf Tornado,草,特殊,-999,-999,-999,用銳利的葉子包圍住對手進行攻擊。有時會降低對手的命中率。
537,瘋狂滾壓,ハードローラー,Steamroller,蟲,物理,-999,-999,-999,旋轉蜷縮成圓形的身體，壓扁對手。有時會使對手畏縮。
538,棉花防守,コットンガード,Cotton Guard,草,變化,0,0,10,用軟綿綿的絨毛保護自己的身體。極大幅提高自己的防禦。
539,暗黑爆破,ナイトバースト,Night Daze,惡,特殊,85,95,10,放出黑暗的衝擊波攻擊對手。有時會降低對手的命中率。
540,精神擊破,サイコブレイク,Psystrike,超能力,特殊,100,100,10,將神奇的念力波實體化後攻擊對手。給予對手物理傷害。
541,掃尾拍打,スイープビンタ,Tail Slap,一般,物理,25,85,10,將堅硬的尾巴掃向對手進行攻擊。可連續攻擊２～５次。
542,暴風,ぼうふう,Hurricane,飛行,特殊,110,70,10,用強烈的風席捲對手進行攻擊。有時會使對手混亂。
543,爆炸頭突擊,アフロブレイク,Head Charge,一般,物理,120,100,15,用帥氣的爆炸頭猛撞對手進行攻擊。自己也會受到少許傷害。
544,齒輪飛盤,ギアソーサー,Gear Grind,鋼,物理,50,85,15,向對手投擲鋼鐵齒輪進行攻擊。連續２次給予傷害。
545,火焰彈,かえんだん,Searing Shot,火,特殊,100,100,5,用熊熊烈火攻擊自己周圍所有的寶可夢。有時會讓對手陷入灼傷狀態。
546,高科技光炮,テクノバスター,Techno Blast,一般,特殊,120,100,5,向對手發射光彈。招式的屬性會隨著自己攜帶的卡帶不同而改變。
547,古老之歌,いにしえのうた,Relic Song,一般,特殊,75,100,10,唱出古老之歌，打動對手的心進行攻擊。有時會讓對手陷入睡眠狀態。
548,神秘之劍,しんぴのつるぎ,Secret Sword,格鬥,特殊,85,100,10,用長角斬切對手進行攻擊。角上擁有的神奇力量會給予對手物理傷害。
549,冰封世界,こごえるせかい,Glaciate,冰,特殊,65,95,10,放出冰凍的寒氣向對手進行攻擊。可降低對手的速度。
550,雷擊,らいげき,Bolt Strike,電,物理,130,85,5,用強大的電流圍繞身體，猛撞對手進行攻擊。有時會讓對手陷入麻痺狀態。
551,青焰,あおいほのお,Blue Flare,火,特殊,130,85,5,用美麗而激烈的青焰燃燒對手進行攻擊。有時會讓對手陷入灼傷狀態。
552,火之舞,ほのおのまい,Fiery Dance,火,特殊,80,100,10,讓火焰圍繞全身後，振翅攻擊對手。有時會提高自己的特攻。
553,冰凍伏特,フリーズボルト,Freeze Shock,冰,物理,140,90,5,製造出帶有電流的冰塊，在下一回合攻擊對手。有時會讓對手陷入麻痺狀態。
554,極寒冷焰,コールドフレア,Ice Burn,冰,特殊,140,90,5,在使用後的下一回合，用能夠凍結一切的強烈寒氣包圍對手。有時會讓對手陷入灼傷狀態。
555,大聲咆哮,バークアウト,Snarl,惡,特殊,55,95,15,沒完沒了地向對手大聲咆哮，降低對手的特攻。
556,冰柱墜擊,つららおとし,Icicle Crash,冰,物理,85,90,10,將巨大冰柱猛烈地砸向對手進行攻擊。有時會使對手畏縮。
557,Ｖ熱焰,Ｖジェネレート,V-create,火,物理,180,95,5,在前額產生灼熱的火焰，然後捨身撞擊對手。自己的防禦、特防和速度會降低。
558,交錯火焰,クロスフレイム,Fusion Flare,火,特殊,100,100,5,放出巨大的火焰攻擊對手。受到巨大的閃電影響時，招式的威力會提高。
559,交錯閃電,クロスサンダー,Fusion Bolt,電,物理,100,100,5,放出巨大的閃電攻擊對手。受到巨大的火焰影響時，招式的威力會提高。
560,飛身重壓,フライングプレス,Flying Press,格鬥,物理,100,95,10,從空中俯衝向對手進行攻擊。此招式同時具有格鬥屬性和飛行屬性。
561,掀榻榻米,たたみがえし,Mat Block,格鬥,變化,-999,-999,-999,將掀起來的榻榻米當作盾牌，防禦住攻擊我方的攻擊招式。但無法防禦住變化招式的攻擊。
562,打嗝,ゲップ,Belch,毒,特殊,120,90,10,朝著對手打嗝進行攻擊。沒吃下樹果時無法使用。
563,耕地,たがやす,Rototiller,地面,變化,-999,-999,-999,耕耘土地，讓草木更容易成長。可提高草屬性寶可夢的攻擊和特攻。
564,黏黏網,ねばねばネット,Sticky Web,蟲,變化,0,0,20,在對手周圍撒下黏黏的網，降低替換出場的對手的速度。
565,致命針刺,とどめばり,Fell Stinger,蟲,物理,50,100,25,使用此招式打倒對手時，自己的攻擊會極大幅提高。
566,潛靈奇襲,ゴーストダイブ,Phantom Force,幽靈,物理,90,100,10,使用後的第１回合消失到某處，並於第２回合攻擊對手。可不顧對手的守護進行攻擊。
567,萬聖夜,ハロウィン,Trick-or-Treat,幽靈,變化,0,100,20,邀請對手參加萬聖夜。讓對手追加幽靈屬性。
568,戰吼,おたけび,Noble Roar,一般,變化,0,100,30,發出戰吼威嚇對手，降低對手的攻擊和特攻。
569,等離子浴,プラズマシャワー,Ion Deluge,電,變化,-999,-999,-999,讓帶電粒子擴散開來，使一般屬性的招式變成電屬性。
570,拋物面充電,パラボラチャージ,Parabolic Charge,電,特殊,65,100,20,攻擊自己周圍所有的寶可夢。可以回復給予傷害的一半ＨＰ。
571,森林詛咒,もりののろい,Forest’s Curse,草,變化,0,100,20,向對手施加森林詛咒。中了詛咒的對手會被追加草屬性。
572,落英繽紛,はなふぶき,Petal Blizzard,草,物理,90,100,15,猛烈地刮起飛雪般的落花，攻擊周圍所有的寶可夢。
573,冷凍乾燥,フリーズドライ,Freeze-Dry,冰,特殊,70,100,20,急速冷凍對手，有時會讓對手陷入冰凍狀態。對水屬性寶可夢也是效果絕佳。
574,魅惑之聲,チャームボイス,Disarming Voice,妖精,特殊,40,0,15,發出迷人的叫聲，給予對手精神上的傷害。攻擊必定會命中。
575,拋下狠話,すてゼリフ,Parting Shot,惡,變化,0,100,20,拋下狠話恐嚇對手，降低對手的攻擊和特攻後，和後備寶可夢進行替換。
576,顛倒,ひっくりかえす,Topsy-Turvy,惡,變化,0,0,20,讓對手身上所有的能力變化顛倒過來，變成和原來相反的狀態。
577,吸取之吻,ドレインキッス,Draining Kiss,妖精,特殊,50,100,10,親吻對手來吸取對手的ＨＰ。可以回復給予對手傷害的一半以上的ＨＰ。
578,戲法防守,トリックガード,Crafty Shield,妖精,變化,-999,-999,-999,使用神奇的力量防禦住攻擊我方的變化招式。但無法防禦住攻擊招式的攻擊。
579,鮮花防守,フラワーガード,Flower Shield,妖精,變化,-999,-999,-999,使用神奇的力量，提高場上全體草屬性寶可夢的防禦。
580,青草場地,グラスフィールド,Grassy Terrain,草,變化,0,0,10,在５回合內將腳下變成青草場地。地面上的寶可夢每回合都會回復ＨＰ。草屬性招式的威力會提高。
581,薄霧場地,ミストフィールド,Misty Terrain,妖精,變化,0,0,10,在５回合內，地面上的寶可夢不會陷入異常狀態。龍屬性招式的傷害也會減半。
582,輸電,そうでん,Electrify,電,變化,0,0,20,如果在對手使用招式前輸電，該回合對手的招式會變成電屬性。
583,嬉鬧,じゃれつく,Play Rough,妖精,物理,90,90,10,在和對手嬉鬧的同時進行攻擊。有時會降低對手的攻擊。
584,妖精之風,ようせいのかぜ,Fairy Wind,妖精,特殊,40,100,30,刮起妖精之風，吹向對手進行攻擊。
585,月亮之力,ムーンフォース,Moonblast,妖精,特殊,95,100,15,借用月亮的力量攻擊對手。有時會降低對手的特攻。
586,爆音波,ばくおんぱ,Boomburst,一般,特殊,140,100,10,利用震耳欲聾的爆炸聲所產生的破壞力，攻擊自己周圍所有的寶可夢。
587,妖精之鎖,フェアリーロック,Fairy Lock,妖精,變化,0,0,10,封鎖對戰場地，下一回合所有的寶可夢都無法逃走。
588,王者盾牌,キングシールド,King’s Shield,鋼,變化,0,0,10,防禦來自對手的攻擊，同時讓自己變形成盾牌型態。讓接觸到自己的對手攻擊降低。
589,和睦相處,なかよくする,Play Nice,一般,變化,0,0,20,和對手和睦相處，讓對手失去戰鬥意志，降低對手的攻擊。
590,密語,ないしょばなし,Confide,一般,變化,0,0,20,向對手低聲密語，使對手失去集中力，降低對手的特攻。
591,鑽石風暴,ダイヤストーム,Diamond Storm,岩石,物理,100,95,5,吹起鑽石風暴給予對手傷害。有時會大幅提高自己的防禦。
592,蒸汽爆炸,スチームバースト,Steam Eruption,水,特殊,110,95,5,將超高溫的蒸汽噴向對手。有時會讓對手陷入灼傷狀態。
593,異次元洞,いじげんホール,Hyperspace Hole,超能力,特殊,80,0,5,利用異次元洞，突然出現在對手的側面進行攻擊。可避開對手的守住和看穿等招式。
594,飛水手裡劍,みずしゅりけん,Water Shuriken,水,特殊,15,100,20,射出用黏液製成的手裡劍，連續攻擊２～５次。必定能夠發動先制攻擊。
595,魔法火焰,マジカルフレイム,Mystical Fire,火,特殊,75,100,10,從口中吐出特別灼熱的火焰進行攻擊。可降低對手的特攻。
596,尖刺防守,ニードルガード,Spiky Shield,草,變化,0,0,10,防禦來自對手的攻擊，同時削減接觸到自己的對手的ＨＰ。
597,芳香薄霧,アロマミスト,Aromatic Mist,妖精,變化,0,0,20,利用神奇的芳香，提高我方寶可夢的特防。
598,怪異電波,かいでんぱ,Eerie Impulse,電,變化,0,100,15,從身體發出怪異電波影響對手，大幅降低對手的特攻。
599,毒液陷阱,ベノムトラップ,Venom Drench,毒,變化,-999,-999,-999,向對手發射特殊的毒液。陷入中毒狀態的對手攻擊、特攻和速度會降低。
600,粉塵,ふんじん,Powder,蟲,變化,-999,-999,-999,被撒到粉塵的對手使用火屬性招式時，會發生爆炸並受到傷害。
601,大地掌控,ジオコントロール,Geomancy,妖精,變化,0,0,10,使用後的第１回合吸收能量，並於第２回合大幅提高自己的特攻、特防和速度。
602,磁場操控,じばそうさ,Magnetic Flux,電,變化,0,0,20,操控磁場，提高特性是正電和負電的寶可夢的防禦和特防。
603,歡樂時光,ハッピータイム,Happy Hour,一般,變化,0,0,30,使用歡樂時光後，戰鬥結束時獲得的錢會加倍。
604,電氣場地,エレキフィールド,Electric Terrain,電,變化,0,0,10,在５回合內將腳下變成電氣場地。地面上的寶可夢將不會陷入睡眠狀態。電屬性招式的威力會提高。
605,魔法閃耀,マジカルシャイン,Dazzling Gleam,妖精,特殊,80,100,10,發出強烈的閃光，給予對手傷害。
606,慶祝,おいわい,Celebrate,一般,變化,0,0,40,寶可夢會為了非常開心的你而慶祝。
607,牽手,てをつなぐ,Hold Hands,一般,變化,0,0,40,我方的寶可夢手牽手。心情會變得非常幸福。
608,圓瞳,つぶらなひとみ,Baby-Doll Eyes,妖精,變化,0,100,30,用圓圓的眼睛凝視對手，降低對手的攻擊。必定能夠發動先制攻擊。
609,蹭蹭臉頰,ほっぺすりすり,Nuzzle,電,物理,20,100,20,用帶電的臉頰磨蹭對手進行攻擊。能讓對手陷入麻痺狀態。
610,手下留情,てかげん,Hold Back,一般,物理,40,100,40,在攻擊的時候手下留情，讓對手的ＨＰ一定會剩下１。
611,死纏爛打,まとわりつく,Infestation,蟲,特殊,20,100,20,在４～５回合內死纏爛打地進行攻擊。在此期間對手將無法逃走。
612,增強拳,グロウパンチ,Power-Up Punch,格鬥,物理,-999,-999,-999,反覆出拳擊打對手，使自己的拳頭慢慢變硬。命中對手時會提高自己的攻擊。
613,死亡之翼,デスウイング,Oblivion Wing,飛行,特殊,80,100,10,從鎖定的對手身上吸取ＨＰ。可以回復給予對手傷害的一半以上的ＨＰ。
614,千箭齊發,サウザンアロー,Thousand Arrows,地面,物理,90,100,10,能夠命中飄浮在空中的寶可夢。飄浮在空中的對手會被擊落掉到地面。
615,千波激盪,サウザンウェーブ,Thousand Waves,地面,物理,90,100,10,化成波浪從地面進行攻擊。被捲入波浪中的對手將無法從戰鬥中逃走。
616,大地神力,グランドフォース,Land’s Wrath,地面,物理,90,100,10,聚集大地的能量後，將力量集中攻擊對手給予傷害。
617,破滅之光,はめつのひかり,Light of Ruin,妖精,特殊,140,90,5,借用永恆之花的力量，發射出強力光線。自己也會受到不小的傷害。
618,根源波動,こんげんのはどう,Origin Pulse,水,特殊,110,85,10,放出無數閃耀著青白色光輝的光線攻擊對手。
619,斷崖之劍,だんがいのつるぎ,Precipice Blades,地面,物理,120,85,10,將大地的力量化為利刃攻擊對手。
620,畫龍點睛,ガリョウテンセイ,Dragon Ascent,飛行,物理,120,100,5,從天空中急速下降攻擊對手。自己的防禦和特防會降低。
621,異次元猛攻,いじげんラッシュ,Hyperspace Fury,惡,物理,100,0,5,使用許多手臂，發動可不顧守住和看穿的連續攻擊。自己的防禦會降低。
622,究極無敵大衝撞,ウルトラダッシュアタック,Breakneck Blitz,一般,物理,-999,-999,-999,透過Ｚ力量氣勢猛烈地全力撞擊對手。威力會隨原本的招式而改變。
623,究極無敵大衝撞,ウルトラダッシュアタック,Breakneck Blitz,一般,特殊,-999,-999,-999,透過Ｚ力量氣勢猛烈地全力撞擊對手。威力會隨原本的招式而改變。
624,全力無雙激烈拳,ぜんりょくむそうげきれつけん,All-Out Pummeling,格鬥,物理,-999,-999,-999,將透過Ｚ力量製造的能量彈全力撞向對手。威力會隨原本的招式而改變。
625,全力無雙激烈拳,ぜんりょくむそうげきれつけん,All-Out Pummeling,格鬥,特殊,-999,-999,-999,將透過Ｚ力量製造的能量彈全力撞向對手。威力會隨原本的招式而改變。
626,極速俯衝轟烈撞,ファイナルダイブクラッシュ,Supersonic Skystrike,飛行,物理,-999,-999,-999,透過Ｚ力量猛烈地飛向天空，向著對手全力墜下。威力會隨原本的招式而改變。
627,極速俯衝轟烈撞,ファイナルダイブクラッシュ,Supersonic Skystrike,飛行,特殊,-999,-999,-999,透過Ｚ力量猛烈地飛向天空，向著對手全力墜下。威力會隨原本的招式而改變。
628,強酸劇毒滅絕雨,アシッドポイズンデリート,Acid Downpour,毒,物理,-999,-999,-999,透過Ｚ力量湧起毒沼，全力使對手下沉。威力會隨原本的招式而改變。
629,強酸劇毒滅絕雨,アシッドポイズンデリート,Acid Downpour,毒,特殊,-999,-999,-999,透過Ｚ力量湧起毒沼，全力使對手下沉。威力會隨原本的招式而改變。
630,地隆嘯天大終結,ライジングランドオーバー,Tectonic Rage,地面,物理,-999,-999,-999,透過Ｚ力量潛入地底深處，全力撞擊對手。威力會隨原本的招式而改變。
631,地隆嘯天大終結,ライジングランドオーバー,Tectonic Rage,地面,特殊,-999,-999,-999,透過Ｚ力量潛入地底深處，全力撞擊對手。威力會隨原本的招式而改變。
632,毀天滅地巨岩墜,ワールズエンドフォール,Continental Crush,岩石,物理,-999,-999,-999,透過Ｚ力量召喚大大的岩山，全力撞向對手。威力會隨原本的招式而改變。
633,毀天滅地巨岩墜,ワールズエンドフォール,Continental Crush,岩石,特殊,-999,-999,-999,透過Ｚ力量召喚大大的岩山，全力撞向對手。威力會隨原本的招式而改變。
634,絕對捕食迴旋斬,ぜったいほしょくかいてんざん,Savage Spin-Out,蟲,物理,-999,-999,-999,透過Ｚ力量用吐出的絲線全力束縛對手。威力會隨原本的招式而改變。
635,絕對捕食迴旋斬,ぜったいほしょくかいてんざん,Savage Spin-Out,蟲,特殊,-999,-999,-999,透過Ｚ力量用吐出的絲線全力束縛對手。威力會隨原本的招式而改變。
636,無盡暗夜之誘惑,むげんあんやへのいざない,Never-Ending Nightmare,幽靈,物理,-999,-999,-999,透過Ｚ力量召喚強烈的怨念，全力降禍到對手身上。威力會隨原本的招式而改變。
637,無盡暗夜之誘惑,むげんあんやへのいざない,Never-Ending Nightmare,幽靈,特殊,-999,-999,-999,透過Ｚ力量召喚強烈的怨念，全力降禍到對手身上。威力會隨原本的招式而改變。
638,超絕螺旋連擊,ちょうぜつらせんれんげき,Corkscrew Crash,鋼,物理,-999,-999,-999,透過Ｚ力量進行高速旋轉，全力撞擊對手。威力會隨原本的招式而改變。
639,超絕螺旋連擊,ちょうぜつらせんれんげき,Corkscrew Crash,鋼,特殊,-999,-999,-999,透過Ｚ力量進行高速旋轉，全力撞擊對手。威力會隨原本的招式而改變。
640,超強極限爆焰彈,ダイナミックフルフレイム,Inferno Overdrive,火,物理,-999,-999,-999,透過Ｚ力量噴出熊熊烈火，全力撞向對手。威力會隨原本的招式而改變。
641,超強極限爆焰彈,ダイナミックフルフレイム,Inferno Overdrive,火,特殊,-999,-999,-999,透過Ｚ力量噴出熊熊烈火，全力撞向對手。威力會隨原本的招式而改變。
642,超級水流大漩渦,スーパーアクアトルネード,Hydro Vortex,水,物理,-999,-999,-999,透過Ｚ力量製造大大的潮旋，全力吞沒對手。威力會隨原本的招式而改變。
643,超級水流大漩渦,スーパーアクアトルネード,Hydro Vortex,水,特殊,-999,-999,-999,透過Ｚ力量製造大大的潮旋，全力吞沒對手。威力會隨原本的招式而改變。
644,絢爛繽紛花怒放,ブルームシャインエクストラ,Bloom Doom,草,物理,-999,-999,-999,透過Ｚ力量借助花草的能量，全力攻擊對手。威力會隨原本的招式而改變。
645,絢爛繽紛花怒放,ブルームシャインエクストラ,Bloom Doom,草,特殊,-999,-999,-999,透過Ｚ力量借助花草的能量，全力攻擊對手。威力會隨原本的招式而改變。
646,終極伏特狂雷閃,スパーキングギガボルト,Gigavolt Havoc,電,物理,-999,-999,-999,透過Ｚ力量將蓄積的強大電流全力撞向對手。威力會隨原本的招式而改變。
647,終極伏特狂雷閃,スパーキングギガボルト,Gigavolt Havoc,電,特殊,-999,-999,-999,透過Ｚ力量將蓄積的強大電流全力撞向對手。威力會隨原本的招式而改變。
648,至高精神破壞波,マキシマムサイブレイカー,Shattered Psyche,超能力,物理,-999,-999,-999,透過Ｚ力量操縱對手，全力使其感受到痛苦。威力會隨原本的招式而改變。
649,至高精神破壞波,マキシマムサイブレイカー,Shattered Psyche,超能力,特殊,-999,-999,-999,透過Ｚ力量操縱對手，全力使其感受到痛苦。威力會隨原本的招式而改變。
650,激狂大地萬里冰,レイジングジオフリーズ,Subzero Slammer,冰,物理,-999,-999,-999,透過Ｚ力量急遽降低氣溫，全力冰凍對手。威力會隨原本的招式而改變。
651,激狂大地萬里冰,レイジングジオフリーズ,Subzero Slammer,冰,特殊,-999,-999,-999,透過Ｚ力量急遽降低氣溫，全力冰凍對手。威力會隨原本的招式而改變。
652,究極巨龍震天地,アルティメットドラゴンバーン,Devastating Drake,龍,物理,-999,-999,-999,透過Ｚ力量將氣場實體化，向對手全力發動襲擊。威力會隨原本的招式而改變。
653,究極巨龍震天地,アルティメットドラゴンバーン,Devastating Drake,龍,特殊,-999,-999,-999,透過Ｚ力量將氣場實體化，向對手全力發動襲擊。威力會隨原本的招式而改變。
654,黑洞吞噬萬物滅,ブラックホールイクリプス,Black Hole Eclipse,惡,物理,-999,-999,-999,透過Ｚ力量收集惡能量，全力將對手吸入。威力會隨原本的招式而改變。
655,黑洞吞噬萬物滅,ブラックホールイクリプス,Black Hole Eclipse,惡,特殊,-999,-999,-999,透過Ｚ力量收集惡能量，全力將對手吸入。威力會隨原本的招式而改變。
656,可愛星星飛天撞,ラブリースターインパクト,Twinkle Tackle,妖精,物理,-999,-999,-999,透過Ｚ力量製造魅惑空間，全力玩弄對手。威力會隨原本的招式而改變。
657,可愛星星飛天撞,ラブリースターインパクト,Twinkle Tackle,妖精,特殊,-999,-999,-999,透過Ｚ力量製造魅惑空間，全力玩弄對手。威力會隨原本的招式而改變。
658,皮卡皮卡必殺擊,ひっさつのピカチュート,Catastropika,電,物理,-999,-999,-999,透過Ｚ力量，全身覆蓋最大電力的皮卡丘全力猛撲對手。
659,集沙,すなあつめ,Shore Up,地面,變化,0,0,5,回復自己最大ＨＰ的一半。在沙暴中回復得更多。
660,迎頭一擊,であいがしら,First Impression,蟲,物理,90,100,10,招式的威力雖高，但只有在出場戰鬥時，立刻使出才能成功。
661,碉堡,トーチカ,Baneful Bunker,毒,變化,0,0,10,防住對手攻擊的同時，讓碰觸到自己的對手中毒。
662,縫影,かげぬい,Spirit Shackle,幽靈,物理,80,100,10,攻擊的同時，縫住對手的影子，使其無法逃走。
663,ＤＤ金勾臂,ＤＤラリアット,Darkest Lariat,惡,物理,85,100,10,在不受到對手能力變化影響的情況下給予對手傷害。
664,泡影的詠歎調,うたかたのアリア,Sparkling Aria,水,特殊,90,100,10,受到這招式攻擊的對手身上的灼傷狀態將會痊癒。
665,冰錘,アイスハンマー,Ice Hammer,冰,物理,100,90,10,揮舞強力而沉重的拳頭，給予對手傷害。自己的速度會降低。
666,花療,フラワーヒール,Floral Healing,妖精,變化,0,0,10,回復對手最大ＨＰ的一半。在青草場地時，效果會提高。
667,十萬馬力,１０まんばりき,High Horsepower,地面,物理,95,95,10,使出全身力量，猛攻對手。
668,吸取力量,ちからをすいとる,Strength Sap,草,變化,0,100,10,將自己的ＨＰ回復到和對手的攻擊力相同。然後降低對手的攻擊。
669,日光刃,ソーラーブレード,Solar Blade,草,物理,125,100,10,在第１回合儲存日光的能量，然後在第２回合使出高威力攻擊。
670,樹葉,このは,Leafage,草,物理,40,100,40,將葉片打向對手，進行攻擊。
671,聚光燈,スポットライト,Spotlight,一般,變化,-999,-999,-999,幫寶可夢打聚光燈，該回合只能瞄準該寶可夢。
672,毒絲,どくのいと,Toxic Thread,毒,變化,0,100,20,將混有毒的絲吐向對手。使其中毒，從而降低對手的速度。
673,磨礪,とぎすます,Laser Focus,一般,變化,-999,-999,-999,集中精神，下次攻擊必定會擊中要害。
674,輔助齒輪,アシストギア,Gear Up,鋼,變化,-999,-999,-999,藉由啟動齒輪，提高特性為正電和負電的寶可夢的攻擊和特攻。
675,地獄突刺,じごくづき,Throat Chop,惡,物理,80,100,15,受到此招式攻擊的對手，會因為地獄般的痛苦，在２回合內無法使用會發出聲音的招式。
676,花粉團,かふんだんご,Pollen Puff,蟲,特殊,90,100,15,對敵人使用時，用會爆炸的花粉團來攻擊。對我方同伴使用時，則給予有回復效果的花粉團。
677,擲錨,アンカーショット,Anchor Shot,鋼,物理,80,100,20,將錨纏住對手進行攻擊。使對手無法逃走。
678,精神場地,サイコフィールド,Psychic Terrain,超能力,變化,0,0,10,在５回合內，地面上的寶可夢不會受到先制招式攻擊。超能力屬性的招式威力會提高。
679,猛撲,とびかかる,Lunge,蟲,物理,80,100,15,全力猛撲對手進行攻擊。進而降低對手的攻擊。
680,火焰鞭,ほのおのムチ,Fire Lash,火,物理,80,100,15,用燃燒的鞭子抽打對手。受到攻擊的對手防禦會降低。
681,囂張,つけあがる,Power Trip,惡,物理,20,100,10,耀武揚威地攻擊對手，自己的能力提高得越多，威力就越大。
682,燃盡,もえつきる,Burn Up,火,特殊,130,100,5,燃盡全身的火焰，給予對手巨大的傷害。自己的火屬性將會消失。
683,速度互換,スピードスワップ,Speed Swap,超能力,變化,0,0,10,將對手和自己的速度進行互換。
684,修長之角,スマートホーン,Smart Strike,鋼,物理,70,0,10,用尖尖的角刺進對手進行攻擊。攻擊必定會命中。
685,淨化,じょうか,Purify,毒,變化,0,0,20,治癒對手的異常狀態。治癒後可以回復自己的ＨＰ。
686,覺醒之舞,めざめるダンス,Revelation Dance,一般,特殊,90,100,15,全力跳舞進行攻擊。此招式的屬性將變得和自己的屬性相同。
687,核心懲罰者,コアパニッシャー,Core Enforcer,龍,特殊,100,100,10,使出後能夠消除已經在該回合使出招式的對手的特性。
688,熱帶踢,トロピカルキック,Trop Kick,草,物理,70,100,15,向對手使出來自南國的火熱腳踢。進而降低對手的攻擊。
689,號令,さいはい,Instruct,超能力,變化,0,0,15,對手使出招式之後，能夠透過指令讓對手再次使出相同招式。
690,鳥嘴加農炮,くちばしキャノン,Beak Blast,飛行,物理,100,100,15,先加熱鳥嘴後再進行攻擊。若對手在加熱時觸碰的話，就會灼傷。
691,鱗片噪音,スケイルノイズ,Clanging Scales,龍,特殊,110,100,5,摩擦全身鱗片，發出響亮的聲音並進行攻擊。攻擊後自己的防禦會降低。
692,龍錘,ドラゴンハンマー,Dragon Hammer,龍,物理,90,100,15,像錘子般地使用身體向對手發動襲擊，給予傷害。
693,狂舞揮打,ぶんまわす,Brutal Swing,惡,物理,60,100,20,用自己的身體狂舞揮打，給予對手傷害。
694,極光幕,オーロラベール,Aurora Veil,冰,變化,0,0,20,在５回合內減弱物理和特殊的傷害。在下雪時才有效果。
695,遮天蔽日暗影箭,シャドーアローズストライク,Sinister Arrow Raid,幽靈,物理,-999,-999,-999,透過Ｚ力量製造出無數箭的狙射樹梟全力射穿對手進行攻擊。
696,極惡飛躍粉碎擊,ハイパーダーククラッシャー,Malicious Moonsault,惡,物理,-999,-999,-999,透過Ｚ力量得到強壯肉體的熾焰咆哮虎全力撞向對手進行攻擊。
697,海神莊嚴交響樂,わだつみのシンフォニア,Oceanic Operetta,水,特殊,-999,-999,-999,透過Ｚ力量呼喚大量水的西獅海壬全力攻擊對手。
698,巨人衛士・阿羅拉,ガーディアン・デ・アローラ,Guardian of Alola,妖精,特殊,-999,-999,-999,透過Ｚ力量得到阿羅拉之力的土地神寶可夢的全力攻擊。會大量減少對手的現有ＨＰ。
699,七星奪魂腿,しちせいだっこんたい,Soul-Stealing 7-Star Strike,幽靈,物理,-999,-999,-999,得到Ｚ力量的瑪夏多全力使出拳頭和腳踢的連續招式叩打對手。
700,駕雷馭電戲衝浪,ライトニングサーフライド,Stoked Sparksurfer,電,特殊,-999,-999,-999,得到Ｚ力量的阿羅拉地區的雷丘全力進行攻擊。讓對手陷入麻痺狀態。
701,認真起來大爆擊,ほんきをだす　こうげき,Pulverizing Pancake,一般,物理,-999,-999,-999,透過Ｚ力量使認真起來的卡比獸躍動其巨大身軀，全力向對手發動襲擊。
702,九彩昇華齊聚頂,ナインエボルブースト,Extreme Evoboost,一般,變化,-999,-999,-999,得到Ｚ力量的伊布借助進化後的夥伴們的力量大幅提升自己的能力。
703,起源超新星大爆炸,オリジンズスーパーノヴァ,Genesis Supernova,超能力,特殊,-999,-999,-999,得到Ｚ力量的夢幻全力攻擊對手。腳下變成精神場地。
704,陷阱甲殼,トラップシェル,Shell Trap,火,特殊,150,100,5,回合開始時，設下陷阱，若該回合中受到來自對手的物理攻擊， 可引起爆炸並給予對手重大的傷害。
705,花朵加農炮,フルールカノン,Fleur Cannon,妖精,特殊,130,90,5,放出強力光束後，自己的特攻會大幅降低。
706,精神之牙,サイコファング,Psychic Fangs,超能力,物理,85,100,10,利用精神力量咬住對手進行攻擊。並可破壞光牆和反射壁等。
707,跺腳,じだんだ,Stomping Tantrum,地面,物理,75,100,10,化悔恨為力量進行攻擊。如果上一回合的招式沒有命中，威力就會加倍。
708,暗影之骨,シャドーボーン,Shadow Bone,幽靈,物理,85,100,10,用寄宿了靈魂的骨頭毆打對手進行攻擊。有時會降低對手的防禦。
709,衝岩,アクセルロック,Accelerock,岩石,物理,40,100,20,透過敏捷的動作撞擊對手，一定能先發制人進行攻擊。
710,水流裂破,アクアブレイク,Liquidation,水,物理,85,100,10,用水之力量撞向對手進行攻擊。有時會降低對手的防禦。
711,稜鏡鐳射,プリズムレーザー,Prismatic Laser,超能力,特殊,160,100,10,用稜鏡的力量發射強烈光線。下一回合自己將無法動彈。
712,暗影偷盜,シャドースチール,Spectral Thief,幽靈,物理,90,100,10,潛入對手的影子，奪取對手的能力提升進行攻擊。
713,流星閃衝,メテオドライブ,Sunsteel Strike,鋼,物理,100,100,5,以流星般的氣勢猛撞對手，可無視對手的特性並進行攻擊。
714,暗影之光,シャドーレイ,Moongeist Beam,幽靈,特殊,100,100,5,放出奇異的光線攻擊對手，可無視對手的特性進行攻擊。
715,淚眼汪汪,なみだめ,Tearful Look,一般,變化,0,0,20,變得淚眼汪汪，令對手喪失鬥志。進而降低對手的攻擊和特攻。
716,麻麻刺刺,びりびりちくちく,Zing Zap,電,物理,80,100,10,撞向對手，並利用強電流使其感到麻麻刺刺的。有時會使對手畏縮。
717,自然之怒,しぜんのいかり,Nature’s Madness,妖精,特殊,-1,90,10,向對手發洩自然之怒，使對手的ＨＰ減半。
718,多屬性攻擊,マルチアタック,Multi-Attack,一般,物理,120,100,10,讓強大能量圍繞全身，撞向對手進行攻擊。招式屬性會隨著記憶碟而改變。
719,千萬伏特,１０００まんボルト,"10,000,000 Volt Thunderbolt",電,特殊,-999,-999,-999,戴著帽子的皮卡丘向對手釋放出藉由Ｚ力量增強的電流。容易擊中要害。
720,驚爆大頭,ビックリヘッド,Mind Blown,火,特殊,150,100,5,會讓自己的頭爆炸，來攻擊周遭的一切。自己也會受到傷害。
721,等離子閃電拳,プラズマフィスト,Plasma Fists,電,物理,100,100,15,用帶有電流的拳頭進行攻擊。可以將一般屬性的招式轉變為電屬性。
722,光子噴湧,フォトンゲイザー,Photon Geyser,超能力,特殊,100,100,5,以光柱進行攻擊。會比較自己的攻擊和特攻，以數值較高的一方進行攻擊。
723,焚天滅世熾光爆,てんこがすめつぼうのひかり,Light That Burns the Sky,超能力,特殊,-999,-999,-999,獲得Ｚ力量的杖尾鱗甲龍將會以全力攻擊對手，並提升自己的能力。
724,日光迴旋下蒼穹,サンシャインスマッシャー,Searing Sunraze Smash,鋼,物理,-999,-999,-999,獲得Ｚ力量的鬃岩狼人將會以全力進行攻擊，並消除場地的狀態。
725,月華飛濺落靈霄,ムーンライトブラスター,Menacing Moonraze Maelstrom,幽靈,特殊,-999,-999,-999,獲得Ｚ力量的謎擬Ｑ將會以全力進行亂揍攻擊。
726,親密無間大亂揍,ぽかぼかフレンドタイム,Let’s Snuggle Forever,妖精,物理,-999,-999,-999,獲得Ｚ力量的索爾迦雷歐將會以全力進行攻擊。可以無視對手的特性效果。
727,狼嘯石牙颶風暴,ラジアルエッジストーム,Splintered Stormshards,岩石,物理,-999,-999,-999,獲得Ｚ力量的露奈雅拉將會以全力進行攻擊。可以無視對手的特性效果。
728,熾魂熱舞烈音爆,ブレイジングソウルビート,Clangorous Soulblaze,龍,特殊,-999,-999,-999,奈克洛茲瑪會無視對手特性的效果，在攻擊與特攻之間選擇數值較高的一方進行攻擊。
729,電電加速,ばちばちアクセル,Zippy Zap,電,物理,-999,-999,-999,迅猛無比的電擊。必定能夠發動先制攻擊，擊中對手要害。
730,滔滔衝浪,ざぶざぶサーフ,Splishy Splash,水,特殊,-999,-999,-999,在巨浪中注入電力，撞向對手進行攻擊。有時會讓對手陷入麻痺狀態。
731,飄飄墜落,ふわふわフォール,Floaty Fall,飛行,物理,-999,-999,-999,輕飄飄地浮起，然後急速墜落，進行攻擊。有時會讓對手畏縮。
732,閃閃雷光,ピカピカサンダー,Pika Papow,電,特殊,-999,-999,-999,皮卡丘越喜歡訓練家，威力就越強大的電擊。攻擊必定會命中。
733,活活氣泡,いきいきバブル,Bouncy Bubble,水,特殊,-999,-999,-999,投擲水球進行攻擊。攻擊後吸水並回復給予對手傷害的一半ＨＰ。
734,麻麻電擊,びりびりエレキ,Buzzy Buzz,電,特殊,-999,-999,-999,發出電擊攻擊對手。讓對手陷入麻痺狀態。
735,熊熊火爆,めらめらバーン,Sizzly Slide,火,物理,-999,-999,-999,用纏繞著火焰的身體猛烈地衝撞對手，讓對手陷入灼傷狀態。
736,嘩嘩氣場,どばどばオーラ,Glitzy Glow,超能力,特殊,-999,-999,-999,用極大量的念力攻擊對手，造出一道能夠減弱對手特殊攻擊的神奇牆壁。
737,壞壞領域,わるわるゾーン,Baddy Bad,惡,特殊,-999,-999,-999,惡形惡狀地進行攻擊，造出一道能夠減弱對手物理攻擊的神奇牆壁。
738,茁茁轟炸,すくすくボンバー,Sappy Seed,草,物理,-999,-999,-999,長出巨大的藤蔓，散播種子進行攻擊。種子每回合都會吸取對手的ＨＰ。
739,冰冰霜凍,こちこちフロスト,Freezy Frost,冰,特殊,-999,-999,-999,用冰凍的黑霧結晶進行攻擊，讓全體寶可夢的能力變化回到初始狀態。
740,亮亮風暴,きらきらストーム,Sparkly Swirl,妖精,特殊,-999,-999,-999,用帶著嗆鼻香氣的龍捲風包圍對手，進行攻擊，並治癒我方寶可夢的異常狀態。
741,砰砰擊破,ブイブイブレイク,Veevee Volley,一般,物理,-999,-999,-999,伊布越喜歡訓練家，威力就越強大的衝撞。攻擊必定會命中。
742,鋼拳雙擊,ダブルパンツァー,Double Iron Bash,鋼,物理,60,100,5,以胸口的螺帽為軸心旋轉，連續２次揮動手臂痛擊對手。有時會使對手畏縮。
743,極巨防壁,ダイウォール,Max Guard,一般,變化,0,0,10,完全防住對手的所有攻擊。連續使用時容易失敗。
744,極巨炮,ダイマックスほう,Dynamax Cannon,龍,特殊,100,100,5,從核心發射光束進行攻擊。當對手極巨化時，傷害將變為２倍。
745,狙擊,ねらいうち,Snipe Shot,水,特殊,80,100,15,能不受具有吸引對手招式效果的特性或招式影響，向選定的對手進行攻擊。
746,緊咬不放,くらいつく,Jaw Lock,惡,物理,80,100,10,使攻擊對象及自己在陷入瀕死前都無法進行替換。當兩隻寶可夢其中一方退場時，效果就會消失。
747,大快朵頤,ほおばる,Stuff Cheeks,一般,變化,0,0,10,吃掉攜帶的樹果，大幅提高自己的防禦。
748,背水一戰,はいすいのじん,No Retreat,格鬥,變化,0,0,5,提高自己所有的能力，但無法進行替換或逃走。
749,瀝青射擊,タールショット,Tar Shot,岩石,變化,0,100,15,射出黏黏的瀝青，降低對手的速度。對手的弱點將變為火。
750,魔法粉,まほうのこな,Magic Powder,超能力,變化,0,100,20,撒出魔法粉末，使對手變為超能力屬性。
751,龍箭,ドラゴンアロー,Dragon Darts,龍,物理,50,100,10,讓多龍梅西亞進行２次攻擊。當對手場上有２隻寶可夢時，則向牠們各進行１次攻擊。
752,茶會,おちゃかい,Teatime,一般,變化,0,0,10,舉辦茶會，在場上的寶可夢都會吃掉自己攜帶的樹果。
753,蛸固,たこがため,Octolock,格鬥,變化,0,100,15,讓對手無法逃走。對手被纏住後，防禦和特防每回合都會降低。
754,電喙,でんげきくちばし,Bolt Beak,電,物理,85,100,10,用帶有電流的鳥嘴刺向對手。若在對手之前進行攻擊，招式的威力會變成２倍。
755,鰓咬,エラがみ,Fishious Rend,水,物理,85,100,10,用堅硬的鰓咬住對手。若在對手之前進行攻擊，招式的威力會變成２倍。
756,換場,コートチェンジ,Court Change,一般,變化,0,100,10,用神奇的力量與對手交換場地效果。
757,極巨火爆,ダイバーン,Max Flare,火,物理,0,0,10,極巨化寶可夢所使出的火屬性攻擊。可在５回合內讓日照增強。
758,極巨蟲蠱,ダイワーム,Max Flutterby,蟲,物理,0,0,10,極巨化寶可夢所使出的蟲屬性攻擊。可降低對手的特攻。
759,極巨閃電,ダイサンダー,Max Lightning,電,物理,0,0,10,極巨化寶可夢所使出的電屬性攻擊。可在５回合內將腳下變成電氣場地。
760,極巨攻擊,ダイアタック,Max Strike,一般,物理,0,0,10,極巨化寶可夢所使出的一般屬性攻擊。可降低對手的速度。
761,極巨拳鬥,ダイナックル,Max Knuckle,格鬥,物理,0,0,10,極巨化寶可夢所使出的格鬥屬性攻擊。可提高我方的攻擊。
762,極巨幽魂,ダイホロウ,Max Phantasm,幽靈,物理,0,0,10,極巨化寶可夢所使出的幽靈屬性攻擊。可降低對手的防禦。
763,極巨寒冰,ダイアイス,Max Hailstorm,冰,物理,0,0,10,極巨化寶可夢所使出的冰屬性攻擊。在５回合內會降下冰雹。
764,極巨酸毒,ダイアシッド,Max Ooze,毒,物理,0,0,10,極巨化寶可夢所使出的毒屬性攻擊。可提高我方的特攻。
765,極巨水流,ダイストリーム,Max Geyser,水,物理,0,0,10,極巨化寶可夢所使出的水屬性攻擊。在５回合內會降下大雨。
766,極巨飛衝,ダイジェット,Max Airstream,飛行,物理,0,0,10,極巨化寶可夢所使出的飛行屬性攻擊。可提高我方的速度。
767,極巨妖精,ダイフェアリー,Max Starfall,妖精,物理,0,0,10,極巨化寶可夢所使出的妖精屬性攻擊。可在５回合內將腳下變成薄霧場地。
768,極巨龍騎,ダイドラグーン,Max Wyrmwind,龍,物理,0,0,10,極巨化寶可夢所使出的龍屬性攻擊。可降低對手的攻擊。
769,極巨超能,ダイサイコ,Max Mindstorm,超能力,物理,0,0,10,極巨化寶可夢所使出的超能力屬性攻擊。可在５回合內將腳下變成精神場地。
770,極巨岩石,ダイロック,Max Rockfall,岩石,物理,0,0,10,極巨化寶可夢所使出的岩石屬性攻擊。在５回合內會捲起沙暴。
771,極巨大地,ダイアース,Max Quake,地面,物理,0,0,10,極巨化寶可夢所使出的地面屬性攻擊。可提高我方的特防。
772,極巨惡霸,ダイアーク,Max Darkness,惡,物理,0,0,10,極巨化寶可夢所使出的惡屬性攻擊。可降低對手的特防。
773,極巨草原,ダイソウゲン,Max Overgrowth,草,物理,0,0,10,極巨化寶可夢所使出的草屬性攻擊。可在５回合內將腳下變成青草場地。
774,極巨鋼鐵,ダイスチル,Max Steelspike,鋼,物理,0,0,10,極巨化寶可夢所使出的鋼屬性攻擊。可提高我方的防禦。
775,魂舞烈音爆,ソウルビート,Clangorous Soul,龍,變化,0,100,5,消耗一些自己的ＨＰ，提高自己的所有能力。
776,撲擊,ボディプレス,Body Press,格鬥,物理,80,100,10,用身體撞向對手進行攻擊。自己的防禦越高，給予對手的傷害越大。
777,裝飾,デコレーション,Decorate,妖精,變化,0,0,15,透過裝飾，大幅提高對手的攻擊和特攻。
778,鼓擊,ドラムアタック,Drum Beating,草,物理,80,100,10,用打鼓來控制鼓的根部進行攻擊，進而降低對手的速度。
779,捕獸夾,トラバサミ,Snap Trap,草,物理,35,100,15,用捕獸夾，在４～５回合內夾住對手進行攻擊。
780,火焰球,かえんボール,Pyro Ball,火,物理,120,90,5,燃燒小石子，形成火球攻擊對手。有時會讓對手陷入灼傷狀態。
781,巨獸斬,きょじゅうざん,Behemoth Blade,鋼,物理,100,100,5,變身為巨大的劍斬向對手。當對手極巨化時，傷害會變為２倍。
782,巨獸彈,きょじゅうだん,Behemoth Bash,鋼,物理,100,100,5,變身為巨大的盾撞向對手。當對手極巨化時，傷害會變為２倍。
783,氣場輪,オーラぐるま,Aura Wheel,電,物理,110,100,10,用儲存在頰囊中的能量進行攻擊，並提高自己的速度。招式屬性會隨著莫魯貝可的樣子而改變。
784,廣域破壞,ワイドブレイカー,Breaking Swipe,龍,物理,60,100,15,激烈地甩動強韌的尾巴攻擊對手，降低對手的攻擊。
785,木枝突刺,えだづき,Branch Poke,草,物理,40,100,40,用尖銳的樹枝刺向對手進行攻擊。
786,破音,オーバードライブ,Overdrive,電,特殊,80,100,10,彈奏吉他和貝斯，用發出巨響的激烈震動攻擊對手。
787,蘋果酸,りんごさん,Apple Acid,草,特殊,80,100,10,使用從酸蘋果提煉出的酸性液體進行攻擊。可降低對手的特防。
788,萬有引力,Ｇのちから,Grav Apple,草,物理,80,100,10,讓蘋果從高處落下，給予對手傷害。可降低對手的防禦。
789,靈魂衝擊,ソウルクラッシュ,Spirit Break,妖精,物理,75,100,15,用足以讓對手一蹶不振的氣勢進行攻擊。可降低對手的特攻。
790,神奇蒸汽,ワンダースチーム,Strange Steam,妖精,特殊,90,95,10,噴出煙霧攻擊對手。有時會使對手混亂。
791,生命水滴,いのちのしずく,Life Dew,水,變化,0,0,10,灑出神奇之水，回復自己和場上同伴的ＨＰ。
792,攔堵,ブロッキング,Obstruct,惡,變化,0,100,10,完全防住對手的所有攻擊。連續使用時容易失敗。一旦觸碰到，防禦會大幅降低。
793,假跪真撞,どげざつき,False Surrender,惡,物理,80,0,10,假裝低頭道歉，用凌亂的頭髮刺向對手。攻擊必定會命中。
794,流星突擊,スターアサルト,Meteor Assault,格鬥,物理,150,100,5,揮舞粗壯的莖進行攻擊。但同時自己也會站不穩，下一回合將無法動彈。
795,無極光束,ムゲンダイビーム,Eternabeam,龍,特殊,-999,-999,-999,無極汰那變回本來樣子時的最強攻擊。下一回合自己將無法動彈。
796,鐵蹄光線,てっていこうせん,Steel Beam,鋼,特殊,140,95,5,將從全身匯聚起來的鋼鐵化為光束激烈地發射出去。自己也會受到傷害。
797,廣域戰力,ワイドフォース,Expanding Force,超能力,特殊,80,100,10,用精神力量攻擊對手。在精神場地時，威力會提高，能給予所有對手傷害。
798,鐵滾輪,アイアンローラー,Steel Roller,鋼,物理,130,100,5,一邊破壞場地，一邊進行攻擊。在不是特殊狀態的場地上使用，招式就會失敗。
799,鱗射,スケイルショット,Scale Shot,龍,物理,25,90,20,射出鱗片進行攻擊。可連續攻擊２～５次。速度會提高但防禦會降低。
800,流星光束,メテオビーム,Meteor Beam,岩石,特殊,120,90,10,使用後的第１回合會聚集宇宙的力量來提高特攻，並於第２回合攻擊對手。
801,臂貝武器,シェルアームズ,Shell Side Arm,毒,特殊,90,100,10,用物理攻擊和特殊攻擊中能夠給予更大傷害的能力進行攻擊。有時會讓對手陷入中毒狀態。
802,薄霧炸裂,ミストバースト,Misty Explosion,妖精,特殊,100,100,5,對自己周圍的所有寶可夢進行攻擊，但使出後，自己會陷入瀕死。在薄霧場地時，招式威力會提高。
803,青草滑梯,グラススライダー,Grassy Glide,草,物理,55,100,20,在地面上滑行般地攻擊對手。在青草場地時，必定能夠發動先制攻擊。
804,電力上升,ライジングボルト,Rising Voltage,電,特殊,70,100,20,用從地面升騰的電擊攻擊。當對手在電氣場地時，招式威力會變成２倍。
805,大地波動,だいちのはどう,Terrain Pulse,一般,特殊,50,100,10,藉助場地的力量進行攻擊。視使出招式時場地狀態不同，招式的屬性和威力會有所變化。
806,爬擊,はいよるいちげき,Skitter Smack,蟲,物理,70,90,10,從對手背後爬近後進行攻擊。會降低對手的特攻。
807,妒火,しっとのほのお,Burning Jealousy,火,特殊,70,100,5,用嫉妒的能量攻擊對手。讓此回合內能力提高的寶可夢陷入灼傷狀態。
808,洩憤,うっぷんばらし,Lash Out,惡,物理,75,100,5,將惱怒砸向對手進行攻擊。如果此回合已被降低能力，招式威力就會變成２倍。
809,靈騷,ポルターガイスト,Poltergeist,幽靈,物理,110,90,5,操控對手的持有物進行攻擊。對手沒有攜帶道具時，則會失敗。
810,腐蝕氣體,ふしょくガス,Corrosive Gas,毒,變化,0,100,40,用強烈的酸性氣體包圍周圍所有的寶可夢，並將攜帶的道具融化掉。
811,指導,コーチング,Coaching,格鬥,變化,0,0,10,透過適切的指導，提高我方全體的攻擊和防禦。
812,快速折返,クイックターン,Flip Turn,水,物理,60,100,20,攻擊後迅速返回，和後備寶可夢進行替換。
813,三旋擊,トリプルアクセル,Triple Axel,冰,物理,20,90,10,連續踢對手３次進行攻擊。每踢中一次，威力就會提高。
814,雙翼,ダブルウイング,Dual Wingbeat,飛行,物理,40,90,10,用翅膀撞向對手進行攻擊。連續２次給予傷害。
815,熱沙大地,ねっさのだいち,Scorching Sands,地面,特殊,70,100,10,向對手投灑熾熱的沙子進行攻擊。有時會讓對手陷入灼傷狀態。
816,叢林治療,ジャングルヒール,Jungle Healing,草,變化,0,0,10,和叢林化為一體，回復自己和場上同伴的ＨＰ和狀態。
817,暗冥強擊,あんこくきょうだ,Wicked Blow,惡,物理,75,100,5,將惡之流派鍛鍊到了極致的強烈一擊。必定會擊中要害。
818,水流連打,すいりゅうれんだ,Surging Strikes,水,物理,25,100,5,將水之流派鍛鍊到了極致，猶如行雲流水的３次連擊。必定會擊中要害。
819,雷電囚籠,サンダープリズン,Thunder Cage,電,特殊,80,90,15,將對手困在電流奔竄的電牢中，在４～５回合內進行攻擊。
820,巨龍威能,ドラゴンエナジー,Dragon Energy,龍,特殊,150,100,5,將生命力化為力量攻擊對手。自己的ＨＰ越少，招式的威力越小。
821,冰冷視線,いてつくしせん,Freezing Glare,超能力,特殊,90,100,10,從雙眼釋放出精神力量進行攻擊。有時會讓對手陷入冰凍狀態。
822,怒火中燒,もえあがるいかり,Fiery Wrath,惡,特殊,90,100,10,將憤怒化為火焰般的氣場進行攻擊。有時會讓對手畏縮。
823,雷鳴蹴擊,らいめいげり,Thunderous Kick,格鬥,物理,90,100,10,以雷電般的動作一邊戲弄對手一邊使出踢擊。可降低對手的防禦。
824,雪矛,ブリザードランス,Glacial Lance,冰,物理,120,100,5,向對手投擲捲著暴風雪的冰矛進行攻擊。
825,星碎,アストラルビット,Astral Barrage,幽靈,特殊,120,100,5,向對手釋出大量的小靈體進行攻擊。
826,詭異咒語,ぶきみなじゅもん,Eerie Spell,超能力,特殊,80,100,5,用強大的精神力量攻擊。讓對手最近一次使用的招式減少３ＰＰ。
827,剋命爪,フェイタルクロー,Dire Claw,毒,物理,80,100,15,以破滅之爪瞄準要害進行攻擊。有時還會讓對手陷入中毒、麻痺、睡眠之中的一種狀態。
828,屏障猛攻,バリアーラッシュ,Psyshield Bash,超能力,物理,70,90,10,讓意念的能量圍繞全身，撞向對手進行攻擊。提高自己的防禦。
829,力量轉換,パワーシフト,Power Shift,一般,變化,0,0,10,將自己的攻擊與防禦互相交換。
830,岩斧,がんせきアックス,Stone Axe,岩石,物理,65,90,15,用岩石之斧瞄準要害進行攻擊。散落的岩石碎片會在對手周圍飄浮。
831,陽春風暴,はるのあらし,Springtide Storm,妖精,特殊,100,80,5,用交織著愛與恨的烈風席捲對手進行攻擊。有時會降低對手的攻擊。
832,神秘之力,しんぴのちから,Mystical Power,超能力,特殊,70,90,10,放出不可思議的力量進行攻擊。自己的特攻會提高。
833,大憤慨,だいふんげき,Raging Fury,火,物理,120,100,10,在２～３回合內放出火焰，同時瘋狂亂打。大鬧一番後自己會陷入混亂。
834,波動衝,ウェーブタックル,Wave Crash,水,物理,120,100,10,用水圍繞全身並撞向對手，但自己也會受到不小的傷害。
835,葉綠爆震,クロロブラスト,Chloroblast,草,特殊,150,95,5,將自身的葉綠素凝聚起來後放出去進行攻擊。自己也會受到傷害。
836,冰山風,ひょうざんおろし,Mountain Gale,冰,物理,100,85,10,將冰山般巨大的冰塊砸向對手進行攻擊。有時會使對手畏縮。
837,勝利之舞,しょうりのまい,Victory Dance,格鬥,變化,0,0,10,激烈地跳起喚來勝利的舞蹈，提高自己的攻擊、防禦和速度。
838,突飛猛撲,ぶちかまし,Headlong Rush,地面,物理,120,100,5,向對手使出灌注了全心全力的撞擊。自己的防禦和特防會降低。
839,毒千針,どくばりセンボン,Barb Barrage,毒,物理,60,100,10,用無數的毒針進行攻擊。有時還會讓對手陷入中毒狀態。攻擊處於中毒狀態的對手時，威力會變成２倍。
840,氣場之翼,オーラウイング,Esper Wing,超能力,特殊,80,100,10,用經過氣場強化的翅膀撕裂對手。容易擊中要害。自己的速度會提高。
841,冤冤相報,うらみつらみ,Bitter Malice,幽靈,特殊,75,100,10,用令人毛骨悚然的怨念進行攻擊，降低對手的攻擊。
842,閉關,たてこもる,Shelter,鋼,變化,0,0,10,讓皮膚變得像鐵盾般堅硬，大幅提高自己的防禦。
843,三連箭,３ぼんのや,Triple Arrows,格鬥,物理,90,100,10,使出腿技後同時發射３箭。有時會降低對手的防禦或讓對手畏縮。容易擊中要害。
844,群魔亂舞,ひゃっきやこう,Infernal Parade,幽靈,特殊,60,100,15,用無數的火球進行攻擊，有時會讓對手陷入灼傷狀態。攻擊處於異常狀態的對手時，威力會變成２倍。
845,秘劍・千重濤,ひけん・ちえなみ,Ceaseless Edge,惡,物理,65,90,15,用貝殼之劍瞄準要害進行攻擊。碎裂開的貝殼碎片會變成撒菱散落在對手腳下。
846,枯葉風暴,こがらしあらし,Bleakwind Storm,飛行,特殊,100,80,10,用足以讓身心都止不住顫抖的冰冷狂風進行攻擊。有時會降低對手的速度。
847,鳴雷風暴,かみなりあらし,Wildbolt Storm,電,特殊,100,80,10,呼喚雷雲引起風暴，用雷與風進行激烈的攻擊。有時還會讓對手陷入麻痺狀態。
848,熱沙風暴,ねっさのあらし,Sandsear Storm,地面,特殊,100,80,10,用灼熱的沙子和強烈的風席捲對手進行攻擊。有時會讓對手陷入灼傷狀態。
849,新月祈禱,みかづきのいのり,Lunar Blessing,超能力,變化,0,0,5,向新月獻上祈禱，回復自己和場上同伴的ＨＰ和狀態。
850,勇氣填充,ブレイブチャージ,Take Heart,超能力,變化,0,0,15,鼓起衝勁，治癒自己的異常狀態，同時提高自己的特攻和特防。
851,太晶爆發,テラバースト,Tera Blast,一般,特殊,80,100,10,若是在太晶化時，將釋放太晶屬性的能量進行攻擊。會比較自己的攻擊和特攻，以數值較高的一方進行攻擊。
852,線阱,スレッドトラップ,Silk Trap,蟲,變化,0,0,10,布下線製成的陷阱。防住對手攻擊的同時，降低接觸到的對手的速度。
853,下壓踢,かかとおとし,Axe Kick,格鬥,物理,120,90,10,劈下踢起的腳跟攻擊對手。有時會使對手混亂。沒命中對手時自己會受到傷害。
854,掃墓,おはかまいり,Last Respects,幽靈,物理,50,100,10,為了替夥伴雪恨而攻擊。被打倒的我方寶可夢越多，招式威力就會越強。
855,琉光衝激,ルミナコリジョン,Lumina Crash,超能力,特殊,80,100,10,發出對精神也會起作用的奇異光線進行攻擊。大幅降低對手的特防。
856,上菜,いっちょうあがり,Order Up,龍,物理,80,100,10,以瀟灑的身段進行攻擊。若口中有米立龍，會依米立龍的姿勢而提高不同能力。
857,噴射拳,ジェットパンチ,Jet Punch,水,物理,60,100,15,讓激流圍繞在拳頭上，以迅雷不及掩耳之勢出拳。必定能夠發動先制攻擊。
858,辣椒精華,ハバネロエキス,Spicy Extract,草,變化,0,0,15,放出相當強勁的辣味精華。對手的攻擊會大幅提高，防禦會大幅降低。
859,疾速轉輪,ホイールスピン,Spin Out,鋼,物理,100,100,5,藉由在腳上負重來劇烈地旋轉並給予傷害。自己的速度會大幅降低。
860,鼠數兒,ネズミざん,Population Bomb,一般,物理,20,90,10,夥伴們紛紛聚集而來，以群體形式逐一給予攻擊。連續命中１～１０次。
861,冰旋,アイススピナー,Ice Spinner,冰,物理,80,100,15,在腳上包覆薄冰，骨碌碌地旋轉並進行撞擊。以旋轉的動作破壞場地。
862,巨劍突擊,きょけんとつげき,Glaive Rush,龍,物理,120,100,5,豁出己身的魯莽突擊。使出招式後對手的攻擊必定會命中，且傷害會變成２倍。
863,復生祈禱,さいきのいのり,Revival Blessing,一般,變化,0,0,1,懷著慈愛之心祈禱，使後備中瀕死的寶可夢以一半的ＨＰ復活。
864,鹽醃,しおづけ,Salt Cure,岩石,物理,40,100,15,讓對手陷入鹽醃狀態，每回合都會受到傷害。鋼、水屬性的寶可夢還會更痛苦。
865,三連鑽,トリプルダイブ,Triple Dive,水,物理,30,95,10,默契十足地飛身鑽入水中，將水花濺向對手。連續３次給予傷害。
866,晶光轉轉,キラースピン,Mortal Spin,毒,物理,30,100,15,藉由旋轉來攻擊對手。也可以擺脫綁緊、緊束、寄生種子等招式。讓對手陷入中毒狀態。
867,描繪,うつしえ,Doodle,一般,變化,0,100,10,掌握對手的本質，予以描繪，使自己和同伴的特性變得和對手相同。
868,甩肉,みをけずる,Fillet Away,一般,變化,0,0,10,削減自己的ＨＰ，大幅提高自己的攻擊、特攻和速度。
869,仆斬,ドゲザン,Kowtow Cleave,惡,物理,85,0,10,向對手下跪使其大意，接著對其劈斬。攻擊必定會命中。
870,千變萬花,トリックフラワー,Flower Trick,草,物理,70,0,10,將動過手腳的花束投向對手進行攻擊。必定會命中並擊中要害。
871,閃焰高歌,フレアソング,Torch Song,火,特殊,80,100,10,將熊熊燃燒的火焰如唱歌般地吹向對手將其燒焦。會提高自己的特攻。
872,流水旋舞,アクアステップ,Aqua Step,水,物理,80,100,10,以盈盈欲滴的輕巧步伐戲弄對手，給予傷害。會提高自己的速度。
873,怒牛,レイジングブル,Raging Bull,一般,物理,90,100,10,憤怒狂亂的暴牛發動之猛烈衝撞。招式的屬性會依形態而改變，並可破壞光牆和反射壁等。
874,淘金潮,ゴールドラッシュ,Make It Rain,鋼,特殊,120,100,5,撒出大量硬幣進行攻擊。自己的特攻會降低。戰鬥後還可以得到錢。
875,水蒸氣,ハイドロスチーム,Hydro Steam,水,特殊,80,100,15,用無形的刀刃劈開對手。在電氣場地時，招式威力會變成１.５倍。
876,精神劍,サイコブレイド,Psyblade,超能力,物理,80,100,15,將滾燙的水猛烈地噴向對手。日照很強時，招式威力不但不會降低，還會變成１.５倍。
877,大災難,カタストロフィ,Ruination,惡,特殊,-1,90,10,捲起破滅之災厄，使對手的ＨＰ減半。
878,全開猛撞,アクセルブレイク,Collision Course,格鬥,物理,100,100,5,一邊變形，一邊氣勢洶洶地落下，引發古代的大爆炸。打到弱點時威力會更為增加。
879,閃電猛衝,イナズマドライブ,Electro Drift,電,特殊,100,100,5,一邊變形，一邊以超高速度奔馳，未知的電流將貫穿對手。打到弱點時威力會更為增加。
880,斷尾,しっぽきり,Shed Tail,一般,變化,0,0,10,削減自己的ＨＰ，製造分身後返回，和後備寶可夢進行替換。
881,冷笑話,さむいギャグ,Chilly Reception,冰,變化,0,0,10,留下使場面凍結的笑話後，和後備寶可夢進行替換。在５回合內會下雪。
882,大掃除,おかたづけ,Tidy Up,一般,變化,0,0,10,將撒菱、隱形岩、黏黏網、毒菱、替身全部清理乾淨。自己的攻擊和速度會提高。
883,雪景,ゆきげしき,Snowscape,冰,變化,0,0,10,在５回合內會下雪。冰屬性寶可夢的防禦會提高。
884,蟲撲,とびつく,Pounce,蟲,物理,50,100,20,撲向對手進行攻擊。可降低對手的速度。
885,起草,くさわけ,Trailblaze,草,物理,50,100,20,從草叢裡跳出來進行攻擊。輕快的腳步會使得自己的速度提高。
886,潑冷水,ひやみず,Chilling Water,水,特殊,50,100,20,潑灑冰冷到足以讓對手失去活力的水進行攻擊。可降低對手的攻擊。
887,強力鑽,ハイパードリル,Hyper Drill,一般,物理,100,100,5,高速旋轉尖銳的身體部位進行貫穿。可無視對手的守住和看穿等招式。
888,雙光束,ツインビーム,Twin Beam,超能力,特殊,40,100,10,從雙眼發射不可思議的光線進行攻擊。連續２次給予傷害。
889,憤怒之拳,ふんどのこぶし,Rage Fist,幽靈,物理,50,100,10,將憤怒化為能量進行攻擊。受到的攻擊次數越多，招式的威力越大。
890,鎧農炮,アーマーキャノン,Armor Cannon,火,特殊,120,100,5,將自身的鎧甲做成熊熊燃燒的砲彈擊發進行攻擊。自己的防禦和特防會降低。
891,悔念劍,むねんのつるぎ,Bitter Blade,火,物理,90,100,10,將對這個世界的牽掛注入劍尖進行劈斬。可以回復給予對手傷害的一半ＨＰ。
892,電光雙擊,でんこうそうげき,Double Shock,電,物理,120,100,5,施放全身的所有電力給予對手巨大的傷害。自己的電屬性將會消失。
893,巨力錘,デカハンマー,Gigaton Hammer,鋼,物理,160,100,5,將大錘連同身體一起揮舞進行攻擊。這個招式無法連續２次使用。
894,復仇,ほうふく,Comeuppance,惡,物理,-1,100,10,將發動攻擊前最後受到的招式傷害放大，向對手進行報復。
895,水波刀,アクアカッター,Aqua Cutter,水,物理,70,100,20,噴射出經過加壓的水，如刀刃似地劈開對手。容易擊中要害。
896,灼熱暴衝,バーンアクセル,Blazing Torque,火,物理,80,100,10,
897,黑暗暴衝,ダークアクセル,Wicked Torque,惡,物理,80,100,10,
898,劇毒暴衝,ポイズンアクセル,Noxious Torque,毒,物理,100,100,10,
899,格鬥暴衝,ファイトアクセル,Combat Torque,格鬥,物理,100,100,10,
900,魔法暴衝,マジカルアクセル,Magical Torque,妖精,物理,100,100,10,
901,血月,ブラッドムーン,Blood Moon,一般,特殊,140,100,5,從鮮血般赤紅的滿月發射出渾身的氣勢。這個招式無法連續２次使用。
902,刷刷茶炮,シャカシャカほう,Matcha Gotcha,草,特殊,80,90,15,像大炮般發射攪拌過的茶。可以回復給予對手傷害的一半ＨＰ，有時還會讓對手陷入灼傷狀態。
903,糖漿炸彈,みずあめボム,Syrup Bomb,草,特殊,60,85,10,使黏稠的糖漿爆炸，使對手陷入滿身糖狀態，在３回合內持續降低對手的速度。
904,棘藤棒,ツタこんぼう,Ivy Cudgel,草,物理,100,100,10,用纏繞著藤蔓的棍棒毆打。屬性會隨著所戴的面具而改變。容易擊中要害。
905,電光束,エレクトロビーム,Electro Shot,電,特殊,130,100,10,使用後的第１回合會收集電力來提高特攻，並於第２回合發射出高壓電。天氣為下雨時可立即發射。
906,晶光星群,テラクラスター,Tera Starstorm,一般,特殊,120,100,5,投射結晶之力來掃除敵人。當太樂巴戈斯以星晶形態使出時，能給予所有對手傷害。
907,隨機光,きまぐレーザー,Fickle Beam,龍,特殊,80,100,5,發射光線進行攻擊。有時會和其他的頭合力發射雷射，讓招式威力變成２倍。
908,火焰守護,かえんのまもり,Burning Bulwark,火,變化,0,0,10,用超高溫的體毛防住對手攻擊，同時讓碰觸到自己的對手灼傷。
909,迅雷,じんらい,Thunderclap,電,特殊,70,100,5,可以搶先對手一步用電擊進行攻擊。若對手使用的不是攻擊招式則會失敗。
910,強刃攻擊,パワフルエッジ,Mighty Cleave,岩石,物理,95,100,5,用積蓄在頭部的光斬斷對手。可不顧對手的守護進行攻擊。
911,迅子利刃,タキオンカッター,Tachyon Cutter,鋼,特殊,50,0,10,連續發射粒子的利刃，連續２次給予傷害。攻擊必定會命中。
912,硬壓,ハードプレス,Hard Press,鋼,物理,0,100,10,用手臂或鉗子壓迫對手。對手現有的ＨＰ越多，招式的威力越大。
913,龍聲鼓舞,ドラゴンエール,Dragon Cheer,龍,變化,0,0,15,以龍之鼓舞提高士氣。我方的招式會變得容易擊中要害。對龍屬性的鼓舞效果更強。
914,魅誘之聲,みわくのボイス,Alluring Voice,妖精,特殊,80,100,10,用天使般的歌聲攻擊對手。讓此回合內能力提高的寶可夢陷入混亂狀態。
915,豁出去,やけっぱち,Temper Flare,火,物理,75,100,10,用自暴自棄的狠勁攻擊對手。如果上一回合的招式沒有命中，威力就會加倍。
916,閃電強襲,サンダーダイブ,Supercell Slam,電,物理,100,95,15,讓身體帶電然後壓向對手。沒命中對手時自己會受到傷害。
917,精神噪音,サイコノイズ,Psychic Noise,超能力,特殊,75,100,10,用令人不快的音波攻擊對手，使對手在２回合內變得無法透過招式、特性或攜帶的道具回復ＨＰ。
918,快手還擊,はやてがえし,Upper Hand,格鬥,物理,65,100,15,察覺對手動作並以掌底攻擊來反應，讓對手畏縮。若對手使用的招式不是先制攻擊則會失敗。
919,邪毒鎖鏈,じゃどくのくさり,Malignant Chain,毒,特殊,100,100,5,用毒素形成的鎖鏈纏住對手，注入毒素加以侵蝕。有時會讓對手陷入劇毒狀態。